group,regime,arm,b,chosen,value,ci_lo,ci_hi,b_invariant
n = 100,honest,MIDIAN-VA,1,midian_va,0.7104999999999999,0.68979,0.731605,False
n = 100,honest,MIDIAN-VA,3,midian_va,0.7816,0.7582,0.8019000000000001,False
n = 100,honest,MIDIAN-VA,5,midian_va,0.8121,0.7963975,0.8267,False
n = 100,β=0.5 cartel,MIDIAN-VA,1,midian_va,0.6972,0.6758974999999999,0.7169,False
n = 100,β=0.5 cartel,MIDIAN-VA,3,midian_va,0.768,0.7457975,0.7897025000000001,False
n = 100,β=0.5 cartel,MIDIAN-VA,5,midian_va,0.8121,0.7963975,0.8267,False
n = 100,honest,MIDIAN,1,midian,0.7104999999999999,0.68979,0.731605,False
n = 100,honest,MIDIAN,3,midian,0.7746833333333333,0.7565962500000001,0.79223375,False
n = 100,honest,MIDIAN,5,midian,0.8002,0.7859974999999999,0.8132999999999999,False
n = 100,β=0.5 cartel,MIDIAN,1,midian,0.6625,0.6451,0.6781024999999999,False
n = 100,β=0.5 cartel,MIDIAN,3,midian,0.7358666666666667,0.7218316666666666,0.7513666666666665,False
n = 100,β=0.5 cartel,MIDIAN,5,midian,0.7552,0.74,0.7699,False
n = 100,honest,flat probe argmax (online),1,flat_probe_argmax_online,0.7022999999999999,0.6854,0.7202025,False
n = 100,honest,flat probe argmax (online),3,flat_probe_argmax_online,0.7805,0.7660975,0.7931,False
n = 100,honest,flat probe argmax (online),5,flat_probe_argmax_online,0.8006,0.7869974999999999,0.8119,False
n = 100,β=0.5 cartel,flat probe argmax (online),1,flat_probe_argmax_online,0.7022999999999999,0.6854,0.7202025,False
n = 100,β=0.5 cartel,flat probe argmax (online),3,flat_probe_argmax_online,0.7805,0.7660975,0.7931,False
n = 100,β=0.5 cartel,flat probe argmax (online),5,flat_probe_argmax_online,0.8006,0.7869974999999999,0.8119,False
n = 100,honest,best learned router,1,mlp_router x8; knn_router_online x2,0.6150999999999999,0.582695,0.6348,False
n = 100,honest,best learned router,3,knn_router_online x10,0.7375999999999999,0.7163875,0.7579025000000001,False
n = 100,honest,best learned router,5,knn_router_online x10,0.7788,0.7591924999999999,0.7962025,False
n = 100,β=0.5 cartel,best learned router,1,mlp_router x8; knn_router_online x2,0.6150999999999999,0.582695,0.6348,False
n = 100,β=0.5 cartel,best learned router,3,knn_router_online x10,0.7375999999999999,0.7163875,0.7579025000000001,False
n = 100,β=0.5 cartel,best learned router,5,knn_router_online x10,0.7788,0.7591924999999999,0.7962025,False
n = 100,honest,best bandit,1,linucb_honest x8; warm_start_bandit[n0=0.5] x2,0.6852,0.6694975,0.7015,False
n = 100,honest,best bandit,3,linucb_honest x10,0.7636,0.7476999999999999,0.7775000000000001,False
n = 100,honest,best bandit,5,linucb_honest x10,0.7926,0.7773,0.8065025000000001,False
n = 100,β=0.5 cartel,best bandit,1,linucb_honest x10,0.6900999999999999,0.6717974999999999,0.7081,False
n = 100,β=0.5 cartel,best bandit,3,linucb_honest x10,0.7636,0.7476999999999999,0.7775000000000001,False
n = 100,β=0.5 cartel,best bandit,5,linucb_honest x10,0.7926,0.7773,0.8065025000000001,False
n = 100,honest,declared argmax,-,declared_argmax,0.5991666666666667,0.5798958333333334,0.6178008333333332,True
n = 100,β=0.5 cartel,declared argmax,-,declared_argmax,0.5181,0.4831999999999999,0.5504,True
n = 100,honest,random,-,random,0.42575,0.4078,0.4416025,True
n = 100,β=0.5 cartel,random,-,random,0.42575,0.4078,0.4416025,True
"n = 1,000",honest,MIDIAN-VA,1,midian_va,0.6913,0.6806975000000001,0.7019,False
"n = 1,000",honest,MIDIAN-VA,3,midian_va,0.8134,0.8051999999999999,0.8208,False
"n = 1,000",honest,MIDIAN-VA,5,midian_va,0.8376999999999999,0.8313975,0.8446999999999999,False
"n = 1,000",β=0.5 cartel,MIDIAN-VA,1,midian_va,0.6914,0.6786999999999999,0.7041999999999999,False
"n = 1,000",β=0.5 cartel,MIDIAN-VA,3,midian_va,0.8074,0.7972,0.8173999999999999,False
"n = 1,000",β=0.5 cartel,MIDIAN-VA,5,midian_va,0.8375,0.8311999999999999,0.8443999999999999,False
"n = 1,000",honest,MIDIAN,1,midian,0.6913,0.6806975000000001,0.7019,False
"n = 1,000",honest,MIDIAN,3,midian,0.7889833333333334,0.7853325,0.7917000000000001,False
"n = 1,000",honest,MIDIAN,5,midian,0.8079000000000001,0.8028000000000001,0.8131,False
"n = 1,000",β=0.5 cartel,MIDIAN,1,midian,0.6505,0.6289949999999999,0.6728999999999999,False
"n = 1,000",β=0.5 cartel,MIDIAN,3,midian,0.7379166666666667,0.72446625,0.7497,False
"n = 1,000",β=0.5 cartel,MIDIAN,5,midian,0.7658,0.7571,0.7763,False
"n = 1,000",honest,flat probe argmax (online),1,flat_probe_argmax_online,0.686,0.6754000000000001,0.6965,False
"n = 1,000",honest,flat probe argmax (online),3,flat_probe_argmax_online,0.7871000000000001,0.7809000000000001,0.7929025000000002,False
"n = 1,000",honest,flat probe argmax (online),5,flat_probe_argmax_online,0.8108000000000001,0.806,0.8151999999999999,False
"n = 1,000",β=0.5 cartel,flat probe argmax (online),1,flat_probe_argmax_online,0.686,0.6754000000000001,0.6965,False
"n = 1,000",β=0.5 cartel,flat probe argmax (online),3,flat_probe_argmax_online,0.7869,0.7806975,0.7925000000000001,False
"n = 1,000",β=0.5 cartel,flat probe argmax (online),5,flat_probe_argmax_online,0.8108000000000001,0.806,0.8151999999999999,False
"n = 1,000",honest,best learned router,1,mlp_router x9; knn_router_online x1,0.6364000000000001,0.6142000000000001,0.6543024999999999,False
"n = 1,000",honest,best learned router,3,knn_router_online x10,0.7656,0.7534974999999999,0.7759,False
"n = 1,000",honest,best learned router,5,knn_router_online x10,0.7976,0.7913,0.8043999999999999,False
"n = 1,000",β=0.5 cartel,best learned router,1,mlp_router x9; knn_router_online x1,0.6364000000000001,0.6142000000000001,0.6543024999999999,False
"n = 1,000",β=0.5 cartel,best learned router,3,knn_router_online x10,0.7656,0.7534974999999999,0.7759,False
"n = 1,000",β=0.5 cartel,best learned router,5,knn_router_online x10,0.7976,0.7913,0.8043999999999999,False
"n = 1,000",honest,best bandit,1,warm_start_bandit[n0=0.5] x10,0.7038,0.6918,0.7142999999999999,False
"n = 1,000",honest,best bandit,3,warm_start_bandit[n0=0.5] x10,0.7737,0.7671000000000001,0.7798,False
"n = 1,000",honest,best bandit,5,warm_start_bandit[n0=0.5] x10,0.8019999999999999,0.7974,0.8075024999999999,False
"n = 1,000",β=0.5 cartel,best bandit,1,warm_start_bandit[n0=0.5] x10,0.6766000000000001,0.6613,0.6909000000000001,False
"n = 1,000",β=0.5 cartel,best bandit,3,warm_start_bandit[n0=0.5] x10,0.7687,0.7617,0.7764,False
"n = 1,000",β=0.5 cartel,best bandit,5,warm_start_bandit[n0=0.5] x10,0.804,0.7984,0.8093025,False
"n = 1,000",honest,declared argmax,-,declared_argmax,0.6154499999999999,0.5926475,0.6356499999999999,True
"n = 1,000",β=0.5 cartel,declared argmax,-,declared_argmax,0.5202000000000001,0.4930974999999999,0.5461025,True
"n = 1,000",honest,random,-,random,0.43215,0.42289875,0.4402999999999999,True
"n = 1,000",β=0.5 cartel,random,-,random,0.43215,0.42295,0.4404,True
"n = 10,000",honest,MIDIAN-VA,1,midian_va,0.6677777777777778,0.6433333333333333,0.68,False
"n = 10,000",honest,MIDIAN-VA,3,midian_va,0.8111111111111112,0.7866666666666666,0.8566666666666668,False
"n = 10,000",honest,MIDIAN-VA,5,midian_va,0.8355555555555556,0.8066666666666666,0.8766666666666666,False
"n = 10,000",β=0.5 cartel,MIDIAN-VA,1,midian_va,0.6699999999999999,0.6466666666666666,0.69,False
"n = 10,000",β=0.5 cartel,MIDIAN-VA,3,midian_va,0.81,0.7866666666666666,0.8533333333333334,False
"n = 10,000",β=0.5 cartel,MIDIAN-VA,5,midian_va,0.831111111111111,0.8066666666666666,0.86,False
"n = 10,000",honest,MIDIAN,1,midian,0.6677777777777778,0.6433333333333333,0.68,False
"n = 10,000",honest,MIDIAN,3,midian,0.785,0.7566666666666667,0.8249999999999998,False
"n = 10,000",honest,MIDIAN,5,midian,0.8088888888888889,0.7666666666666667,0.8433333333333334,False
"n = 10,000",β=0.5 cartel,MIDIAN,1,midian,0.6388888888888888,0.61,0.6666666666666666,False
"n = 10,000",β=0.5 cartel,MIDIAN,3,midian,0.7522222222222222,0.7066666666666667,0.8033333333333333,False
"n = 10,000",β=0.5 cartel,MIDIAN,5,midian,0.7933333333333333,0.7633333333333333,0.8433333333333334,False
"n = 10,000",honest,flat probe argmax (online),1,flat_probe_argmax_online,0.6522222222222221,0.6,0.6866666666666666,False
"n = 10,000",honest,flat probe argmax (online),3,flat_probe_argmax_online,0.7744444444444444,0.7150000000000002,0.83,False
"n = 10,000",honest,flat probe argmax (online),5,flat_probe_argmax_online,0.8022222222222223,0.7366666666666667,0.8366666666666666,False
"n = 10,000",β=0.5 cartel,flat probe argmax (online),1,flat_probe_argmax_online,0.6522222222222221,0.6,0.6866666666666666,False
"n = 10,000",β=0.5 cartel,flat probe argmax (online),3,flat_probe_argmax_online,0.7744444444444444,0.7166666666666667,0.83,False
"n = 10,000",β=0.5 cartel,flat probe argmax (online),5,flat_probe_argmax_online,0.8022222222222223,0.7366666666666667,0.8366666666666666,False
"n = 10,000",honest,best learned router,1,flat_nsw_router x2; knn_router_online x1,0.5155555555555555,0.47,0.5966666666666667,False
"n = 10,000",honest,best learned router,3,flat_nsw_router x3,0.7455555555555554,0.7133333333333334,0.7799999999999999,False
"n = 10,000",honest,best learned router,5,knn_router_online x2; flat_nsw_router x1,0.7611111111111111,0.73,0.8133333333333334,False
"n = 10,000",β=0.5 cartel,best learned router,1,"flat_nsw_router x2; disrouter_cascade x1 | INCOMPLETE POOL, missing knn_router, knn_router_online",0.5344444444444444,0.48,0.5966666666666667,False
"n = 10,000",β=0.5 cartel,best learned router,3,flat_nsw_router x3,0.7455555555555554,0.7133333333333334,0.7799999999999999,False
"n = 10,000",β=0.5 cartel,best learned router,5,"flat_nsw_router x3 | INCOMPLETE POOL, missing knn_router, knn_router_online",0.77,0.7399999999999999,0.8033333333333333,False
"n = 10,000",honest,best bandit,1,warm_start_bandit[n0=0.5] x3,0.6788888888888889,0.6466666666666666,0.71,False
"n = 10,000",honest,best bandit,3,warm_start_bandit[n0=0.5] x3,0.77,0.7466666666666667,0.7833333333333333,False
"n = 10,000",honest,best bandit,5,warm_start_bandit[n0=0.5] x3,0.81,0.77,0.8333333333333334,False
"n = 10,000",β=0.5 cartel,best bandit,1,warm_start_bandit[n0=0.5] x2; trueskill_per_family x1,0.5877777777777778,0.53,0.6833333333333332,False
"n = 10,000",β=0.5 cartel,best bandit,3,warm_start_bandit[n0=0.5] x3,0.7733333333333333,0.73,0.8133333333333334,False
"n = 10,000",β=0.5 cartel,best bandit,5,warm_start_bandit[n0=0.5] x3,0.8233333333333333,0.7733333333333333,0.8733333333333334,False
"n = 10,000",honest,declared argmax,-,declared_argmax,0.6577777777777777,0.5866666666666667,0.7066666666666667,True
"n = 10,000",β=0.5 cartel,declared argmax,-,declared_argmax,0.5322222222222223,0.47,0.6066666666666667,True
"n = 10,000",honest,random,-,random,0.4166666666666667,0.3833333333333333,0.4666666666666666,True
"n = 10,000",β=0.5 cartel,random,-,random,0.4166666666666667,0.3833333333333333,0.4666666666666666,True
"n = 100,000",honest,MIDIAN-VA,1,midian_va,0.64,0.59,0.69,False
"n = 100,000",honest,MIDIAN-VA,3,midian_va,0.8355555555555556,0.81,0.8566666666666668,False
"n = 100,000",honest,MIDIAN-VA,5,midian_va,0.8533333333333334,0.82,0.88,False
"n = 100,000",β=0.5 cartel,MIDIAN-VA,1,midian_va,0.6177777777777778,0.59,0.6633333333333333,False
"n = 100,000",β=0.5 cartel,MIDIAN-VA,3,midian_va,0.8277777777777778,0.8133333333333334,0.8366666666666666,False
"n = 100,000",β=0.5 cartel,MIDIAN-VA,5,midian_va,0.8522222222222222,0.82,0.8766666666666666,False
"n = 100,000",honest,MIDIAN,1,midian,0.64,0.59,0.69,False
"n = 100,000",honest,MIDIAN,3,midian,0.7522222222222222,0.7133333333333334,0.79,False
"n = 100,000",β=0.5 cartel,MIDIAN,3,midian,0.7055555555555556,0.68,0.7466666666666667,False
"n = 100,000",honest,flat probe argmax (online),1,flat_probe_argmax_online,0.6622222222222223,0.5833333333333334,0.73,False
"n = 100,000",honest,flat probe argmax (online),3,flat_probe_argmax_online,0.7488888888888888,0.7033333333333335,0.8066666666666666,False
"n = 100,000",β=0.5 cartel,flat probe argmax (online),3,flat_probe_argmax_online,0.7488888888888888,0.7033333333333335,0.8066666666666666,False
"n = 100,000",honest,best learned router,1,"cluster_head_router x3 | INCOMPLETE POOL, missing knn_router, knn_router_online",0.6133333333333333,0.6033333333333334,0.6266666666666667,True
"n = 100,000",honest,best learned router,3,knn_router_online x3,0.7411111111111112,0.71,0.7766666666666667,False
"n = 100,000",honest,best learned router,5,"cluster_head_router x3 | INCOMPLETE POOL, missing knn_router, knn_router_online, flat_nsw_router",0.6133333333333333,0.6033333333333334,0.6266666666666667,True
"n = 100,000",β=0.5 cartel,best learned router,1,"disrouter_cascade x3 | INCOMPLETE POOL, missing knn_router, knn_router_online",0.5877777777777778,0.5533333333333333,0.6233333333333333,True
"n = 100,000",β=0.5 cartel,best learned router,3,knn_router_online x3,0.7411111111111112,0.71,0.7766666666666667,False
"n = 100,000",β=0.5 cartel,best learned router,5,"disrouter_cascade x3 | INCOMPLETE POOL, missing knn_router, knn_router_online, flat_nsw_router",0.5877777777777778,0.5533333333333333,0.6233333333333333,True
"n = 100,000",honest,best bandit,1,warm_start_bandit[n0=0.5] x3,0.6755555555555555,0.6266666666666667,0.7033333333333335,False
"n = 100,000",honest,best bandit,3,warm_start_bandit[n0=0.5] x3,0.7544444444444446,0.71,0.7799999999999999,False
"n = 100,000",β=0.5 cartel,best bandit,1,"ucb_per_family x3 | INCOMPLETE POOL, missing linucb_honest, warm_start_bandit[n0=0.5]",0.5755555555555556,0.54,0.6,False
"n = 100,000",β=0.5 cartel,best bandit,3,warm_start_bandit[n0=0.5] x3,0.7644444444444444,0.7433333333333333,0.7866666666666666,False
"n = 100,000",honest,declared argmax,-,declared_argmax,0.6222222222222222,0.5933333333333334,0.6733333333333333,True
"n = 100,000",β=0.5 cartel,declared argmax,-,declared_argmax,0.5777777777777778,0.5433333333333333,0.6133333333333333,True
"n = 100,000",honest,random,-,random,0.4422222222222222,0.42,0.4733333333333333,True
"n = 100,000",β=0.5 cartel,random,-,random,0.4422222222222222,0.42,0.4733333333333333,True
