family,regime,group,n,label,mean,ci_lo,ci_hi,seeds
replay,beta0,all shapes pooled,1000,cluster_head_router,0.775823,0.7750205416666667,0.7766421333333334,1000
replay,beta0,all shapes pooled,1000000,cluster_head_router,0.7884433333333334,0.7857750833333332,0.7910634166666667,100
replay,beta0,all shapes pooled,10,cluster_head_router,0.4831726666666667,0.4758190083333333,0.4904268083333334,1000
replay,beta0,all shapes pooled,10000,cluster_head_router,0.7872776666666667,0.7865036416666668,0.788047075,1000
replay,beta0,all shapes pooled,100,cluster_head_router,0.6519626666666668,0.6508459583333334,0.6530973416666668,1000
replay,beta0,all shapes pooled,100000,cluster_head_router,0.7892233333333334,0.7875143750000002,0.7909917916666667,200
replay,beta0,all shapes pooled,1000,cnp_self_bid,0.7843196666666667,0.7835366416666667,0.7850743583333334,1000
replay,beta0,all shapes pooled,1000000,cnp_self_bid,0.7883733333333334,0.7856495833333335,0.7910734166666666,100
replay,beta0,all shapes pooled,10,cnp_self_bid,0.482672,0.4753421999999999,0.4898896583333333,1000
replay,beta0,all shapes pooled,10000,cnp_self_bid,0.7874296666666666,0.7866665500000001,0.7882013750000001,1000
replay,beta0,all shapes pooled,100,cnp_self_bid,0.7442183333333332,0.74321095,0.7453287166666667,1000
replay,beta0,all shapes pooled,100000,cnp_self_bid,0.7892316666666667,0.7875164583333333,0.7910067916666667,200
replay,beta0,all shapes pooled,1000,declared_argmax,0.7853013333333333,0.7845126333333334,0.78606335,1000
replay,beta0,all shapes pooled,1000000,declared_argmax,0.7881999999999999,0.7855498333333331,0.7908369166666664,100
replay,beta0,all shapes pooled,10,declared_argmax,0.483168,0.475815775,0.4904211416666667,1000
replay,beta0,all shapes pooled,10000,declared_argmax,0.787846,0.78707855,0.7886179999999999,1000
replay,beta0,all shapes pooled,100,declared_argmax,0.7452843333333333,0.74427145,0.7463832583333333,1000
replay,beta0,all shapes pooled,100000,declared_argmax,0.7893533333333334,0.7876197916666666,0.7911284166666667,200
replay,beta0,all shapes pooled,1000,declared_softmax,0.7031903333333333,0.7024335583333334,0.7039730833333333,1000
replay,beta0,all shapes pooled,1000000,declared_softmax,0.7061133333333334,0.7038465,0.7085001666666665,100
replay,beta0,all shapes pooled,10,declared_softmax,0.462088,0.4548428166666667,0.4692580083333334,1000
replay,beta0,all shapes pooled,10000,declared_softmax,0.7056163333333334,0.7048988666666668,0.7063617416666667,1000
replay,beta0,all shapes pooled,100,declared_softmax,0.6771896666666667,0.6761383833333334,0.6783599999999999,1000
replay,beta0,all shapes pooled,100000,declared_softmax,0.70666,0.7050465833333331,0.7083651666666667,200
replay,beta0,all shapes pooled,1000,disrouter_cascade,0.6886136666666667,0.6877989916666666,0.6894410000000001,1000
replay,beta0,all shapes pooled,1000000,disrouter_cascade,0.6418733333333334,0.6394898333333333,0.6446235833333334,100
replay,beta0,all shapes pooled,10,disrouter_cascade,0.4714863333333333,0.4642521333333333,0.4786423416666666,1000
replay,beta0,all shapes pooled,10000,disrouter_cascade,0.6668173333333334,0.66600795,0.6676336916666665,1000
replay,beta0,all shapes pooled,100,disrouter_cascade,0.694634,0.6937201583333333,0.695550475,1000
replay,beta0,all shapes pooled,100000,disrouter_cascade,0.6538099999999999,0.6519866666666667,0.6556217083333333,200
replay,beta0,all shapes pooled,1000,flat_nsw_router,0.7000890000000001,0.6991508583333335,0.7009806916666667,1000
replay,beta0,all shapes pooled,1000000,flat_nsw_router,0.71278,0.7095586666666664,0.71599,100
replay,beta0,all shapes pooled,10,flat_nsw_router,0.446144,0.4392099333333333,0.4533243583333333,1000
replay,beta0,all shapes pooled,10000,flat_nsw_router,0.7102313333333333,0.70929165,0.7112400583333334,1000
replay,beta0,all shapes pooled,100,flat_nsw_router,0.666582,0.6655183000000001,0.6676513666666667,1000
replay,beta0,all shapes pooled,100000,flat_nsw_router,0.7138816666666666,0.7116432916666666,0.716045,200
replay,beta0,all shapes pooled,1000,flat_probe_argmax_frozen,0.6821786666666667,0.6809667,0.68331445,1000
replay,beta0,all shapes pooled,1000000,flat_probe_argmax_frozen,0.6824366666666667,0.6787564999999999,0.6861371666666666,100
replay,beta0,all shapes pooled,10,flat_probe_argmax_frozen,0.4464446666666666,0.4393906833333333,0.4534527416666666,1000
replay,beta0,all shapes pooled,10000,flat_probe_argmax_frozen,0.6813573333333334,0.6801739416666666,0.6825544583333333,1000
replay,beta0,all shapes pooled,100,flat_probe_argmax_frozen,0.664146,0.6628657666666666,0.6653987,1000
replay,beta0,all shapes pooled,100000,flat_probe_argmax_frozen,0.6831883333333334,0.6806030416666666,0.685708375,200
replay,beta0,all shapes pooled,1000,flat_probe_argmax_online,0.7043183333333333,0.7034081750000001,0.705224425,1000
replay,beta0,all shapes pooled,1000000,flat_probe_argmax_online,0.7067766666666666,0.7039598333333335,0.7096736666666669,100
replay,beta0,all shapes pooled,10,flat_probe_argmax_online,0.4561456666666666,0.4490737416666666,0.46331945,1000
replay,beta0,all shapes pooled,10000,flat_probe_argmax_online,0.7050883333333334,0.7041608333333333,0.7060247250000001,1000
replay,beta0,all shapes pooled,100,flat_probe_argmax_online,0.6841356666666667,0.6830671583333333,0.6852421166666666,1000
replay,beta0,all shapes pooled,100000,flat_probe_argmax_online,0.706845,0.7049146666666667,0.7089102916666666,200
replay,beta0,all shapes pooled,1000,gossip_reputation_greedy,0.3510006666666666,0.3501027666666666,0.35189875,1000
replay,beta0,all shapes pooled,1000000,gossip_reputation_greedy,0.3612966666666666,0.35954,0.363017,100
replay,beta0,all shapes pooled,10,gossip_reputation_greedy,0.2542083333333333,0.2504931916666666,0.2578611749999999,1000
replay,beta0,all shapes pooled,10000,gossip_reputation_greedy,0.3609546666666667,0.3602993083333333,0.3616069999999999,1000
replay,beta0,all shapes pooled,100,gossip_reputation_greedy,0.3087916666666667,0.3070306,0.3106745416666666,1000
replay,beta0,all shapes pooled,100000,gossip_reputation_greedy,0.3616366666666667,0.3605065416666666,0.362835125,200
replay,beta0,all shapes pooled,1000,linucb_honest,0.6745176666666667,0.673764275,0.6752818333333335,1000
replay,beta0,all shapes pooled,1000000,linucb_honest,0.4991333333333334,0.4972698333333333,0.501134,100
replay,beta0,all shapes pooled,10,linucb_honest,0.4635123333333332,0.4561876,0.4708498583333333,1000
replay,beta0,all shapes pooled,10000,linucb_honest,0.5437750000000001,0.5431165916666667,0.5444123333333333,1000
replay,beta0,all shapes pooled,100,linucb_honest,0.6976929999999999,0.6965317916666667,0.6989110333333334,1000
replay,beta0,all shapes pooled,100000,linucb_honest,0.5128250000000001,0.5115215416666666,0.5141433333333333,200
replay,beta0,all shapes pooled,1000,midian,0.7423343333333334,0.7414683166666667,0.7431805416666667,1000
replay,beta0,all shapes pooled,1000000,midian,0.7617333333333333,0.7589197499999999,0.7644901666666669,100
replay,beta0,all shapes pooled,10,midian,0.443237,0.4362522,0.4503655583333333,1000
replay,beta0,all shapes pooled,10000,midian,0.755456,0.7546078833333334,0.7562930250000001,1000
replay,beta0,all shapes pooled,100,midian,0.691646,0.6905254833333334,0.6927878916666665,1000
replay,beta0,all shapes pooled,100000,midian,0.7600183333333332,0.7582997916666666,0.7618833333333334,200
replay,beta0,all shapes pooled,1000,"midian[audit=False,r=5,verify=False]",0.7038773333333334,0.702929175,0.7047897833333333,1000
replay,beta0,all shapes pooled,1000000,"midian[audit=False,r=5,verify=False]",0.70607,0.7031698333333333,0.7089469999999999,100
replay,beta0,all shapes pooled,10,"midian[audit=False,r=5,verify=False]",0.4550556666666667,0.4479112333333333,0.4622271583333333,1000
replay,beta0,all shapes pooled,10000,"midian[audit=False,r=5,verify=False]",0.7052676666666666,0.7043430916666666,0.70622875,1000
replay,beta0,all shapes pooled,100,"midian[audit=False,r=5,verify=False]",0.6833116666666667,0.6822458833333335,0.6844096166666667,1000
replay,beta0,all shapes pooled,100000,"midian[audit=False,r=5,verify=False]",0.7076033333333334,0.7055833333333333,0.7096750000000001,200
replay,beta0,all shapes pooled,1000,midian_wo_audit,0.7423343333333334,0.7414683166666667,0.7431805416666667,1000
replay,beta0,all shapes pooled,1000000,midian_wo_audit,0.7617333333333333,0.7589197499999999,0.7644901666666669,100
replay,beta0,all shapes pooled,10,midian_wo_audit,0.443237,0.4362522,0.4503655583333333,1000
replay,beta0,all shapes pooled,10000,midian_wo_audit,0.755456,0.7546078833333334,0.7562930250000001,1000
replay,beta0,all shapes pooled,100,midian_wo_audit,0.691646,0.6905254833333334,0.6927878916666665,1000
replay,beta0,all shapes pooled,100000,midian_wo_audit,0.7600183333333332,0.7582997916666666,0.7618833333333334,200
replay,beta0,all shapes pooled,1000,midian_wo_audit_r5,0.7460943333333334,0.7452818499999999,0.7469570166666667,1000
replay,beta0,all shapes pooled,1000000,midian_wo_audit_r5,0.7677566666666666,0.7649196666666667,0.7705438333333333,100
replay,beta0,all shapes pooled,10,midian_wo_audit_r5,0.4495563333333334,0.4425504416666667,0.4567343916666666,1000
replay,beta0,all shapes pooled,10000,midian_wo_audit_r5,0.7603166666666668,0.7595019583333332,0.7611103416666668,1000
replay,beta0,all shapes pooled,100,midian_wo_audit_r5,0.698832,0.6976941416666668,0.7000379666666666,1000
replay,beta0,all shapes pooled,100000,midian_wo_audit_r5,0.7597299999999999,0.75799625,0.7614983333333334,200
replay,beta0,all shapes pooled,1000,midian_wo_defenses,0.7042236666666666,0.7033166416666666,0.7051618416666667,1000
replay,beta0,all shapes pooled,1000000,midian_wo_defenses,0.70373,0.7007899166666665,0.70665375,100
replay,beta0,all shapes pooled,10,midian_wo_defenses,0.454714,0.4476309333333333,0.4619417833333333,1000
replay,beta0,all shapes pooled,10000,midian_wo_defenses,0.7059673333333334,0.7050311,0.7068913583333333,1000
replay,beta0,all shapes pooled,100,midian_wo_defenses,0.6828456666666668,0.6817626749999999,0.6840168083333332,1000
replay,beta0,all shapes pooled,100000,midian_wo_defenses,0.7069766666666666,0.7051,0.7089750833333335,200
replay,beta0,all shapes pooled,1000,midian_wo_verify,0.7042230000000002,0.7033059833333333,0.7051648083333333,1000
replay,beta0,all shapes pooled,1000000,midian_wo_verify,0.70373,0.7007899166666665,0.70665375,100
replay,beta0,all shapes pooled,10,midian_wo_verify,0.4547163333333333,0.4476069,0.4619031166666666,1000
replay,beta0,all shapes pooled,10000,midian_wo_verify,0.7059743333333334,0.7050369750000001,0.7068942166666667,1000
replay,beta0,all shapes pooled,100,midian_wo_verify,0.6828676666666667,0.6817864833333334,0.6840317,1000
replay,beta0,all shapes pooled,100000,midian_wo_verify,0.7069916666666667,0.7051182083333333,0.7089851250000001,200
replay,beta0,all shapes pooled,1000,oracle,0.7893856666666665,0.788595,0.7901718000000001,1000
replay,beta0,all shapes pooled,1000000,oracle,0.7900366666666667,0.7873629166666666,0.7926500833333335,100
replay,beta0,all shapes pooled,10,oracle,0.4869886666666666,0.4796474583333333,0.4941553666666667,1000
replay,beta0,all shapes pooled,10000,oracle,0.7899286666666667,0.78915225,0.7907204250000001,1000
replay,beta0,all shapes pooled,100,oracle,0.7517786666666667,0.750797925,0.7528240333333334,1000
replay,beta0,all shapes pooled,100000,oracle,0.7908616666666668,0.789138125,0.792625,200
replay,beta0,all shapes pooled,1000,random,0.1915596666666666,0.1910175916666666,0.1921287833333333,1000
replay,beta0,all shapes pooled,1000000,random,0.1913066666666666,0.1897425833333333,0.1929938333333333,100
replay,beta0,all shapes pooled,10,random,0.1920706666666666,0.1897382083333333,0.194226075,1000
replay,beta0,all shapes pooled,10000,random,0.1918383333333333,0.1913428999999999,0.1923624,1000
replay,beta0,all shapes pooled,100,random,0.1923659999999999,0.1915739916666666,0.1932392083333333,1000
replay,beta0,all shapes pooled,100000,random,0.1918833333333333,0.1908133333333333,0.1930252499999999,200
replay,beta0,all shapes pooled,1000,referral_network,0.4153966666666667,0.41457465,0.4162198333333333,1000
replay,beta0,all shapes pooled,1000000,referral_network,0.4165533333333334,0.41471325,0.4184578333333333,100
replay,beta0,all shapes pooled,10,referral_network,0.3541883333333333,0.3488518499999999,0.3597253833333333,1000
replay,beta0,all shapes pooled,10000,referral_network,0.4168863333333333,0.4162719583333333,0.4175131416666667,1000
replay,beta0,all shapes pooled,100,referral_network,0.408756,0.406962275,0.4105971666666667,1000
replay,beta0,all shapes pooled,100000,referral_network,0.4168616666666666,0.415439625,0.4183235,200
replay,beta0,all shapes pooled,1000,route_to_k_majority,0.7843346666666666,0.7835355583333333,0.785114675,1000
replay,beta0,all shapes pooled,1000000,route_to_k_majority,0.7895500000000001,0.7868697499999999,0.7921433333333333,100
replay,beta0,all shapes pooled,10,route_to_k_majority,0.3183733333333333,0.311394375,0.3254494083333333,1000
replay,beta0,all shapes pooled,10000,route_to_k_majority,0.7889656666666667,0.7881978416666667,0.7897343666666667,1000
replay,beta0,all shapes pooled,100,route_to_k_majority,0.7041093333333334,0.7028595666666667,0.7054822916666666,1000
replay,beta0,all shapes pooled,100000,route_to_k_majority,0.7902516666666668,0.7885266249999999,0.7920217500000002,200
replay,beta0,all shapes pooled,1000,sequential_halving_peer,0.784592,0.7838069916666667,0.7853997083333334,1000
replay,beta0,all shapes pooled,1000000,sequential_halving_peer,0.7900366666666667,0.7873629166666666,0.7926500833333335,100
replay,beta0,all shapes pooled,10,sequential_halving_peer,0.433034,0.4260781083333333,0.4400227083333333,1000
replay,beta0,all shapes pooled,10000,sequential_halving_peer,0.78978,0.7889939166666666,0.7905655916666666,1000
replay,beta0,all shapes pooled,100,sequential_halving_peer,0.7120556666666666,0.710927225,0.7132390166666668,1000
replay,beta0,all shapes pooled,100000,sequential_halving_peer,0.7908616666666668,0.789138125,0.792625,200
replay,beta0,all shapes pooled,1000,thompson_per_family,0.6723999999999999,0.6716366583333334,0.6731467250000001,1000
replay,beta0,all shapes pooled,1000000,thompson_per_family,0.6818400000000001,0.6796966666666668,0.6841571666666668,100
replay,beta0,all shapes pooled,10,thompson_per_family,0.4123136666666667,0.405799575,0.4190217833333333,1000
replay,beta0,all shapes pooled,10000,thompson_per_family,0.6811636666666666,0.680392925,0.6819010000000001,1000
replay,beta0,all shapes pooled,100,thompson_per_family,0.6046763333333334,0.6035434333333334,0.6058463333333333,1000
replay,beta0,all shapes pooled,100000,thompson_per_family,0.68316,0.6816850000000001,0.684645375,200
replay,beta0,all shapes pooled,1000,trueskill_per_family,0.654811,0.6539275,0.6557460416666665,1000
replay,beta0,all shapes pooled,10,trueskill_per_family,0.4080013333333334,0.401475975,0.4144318333333333,1000
replay,beta0,all shapes pooled,10000,trueskill_per_family,0.657811,0.6568992499999999,0.6587090083333335,1000
replay,beta0,all shapes pooled,100,trueskill_per_family,0.6271009999999999,0.6258774083333335,0.6283071,1000
replay,beta0,all shapes pooled,1000,ucb_per_family,0.6773583333333334,0.6765875333333333,0.6781577083333334,1000
replay,beta0,all shapes pooled,1000000,ucb_per_family,0.6828133333333333,0.6805564166666667,0.68511675,100
replay,beta0,all shapes pooled,10,ucb_per_family,0.3813796666666667,0.3755044916666666,0.387481975,1000
replay,beta0,all shapes pooled,10000,ucb_per_family,0.6814756666666666,0.6807102083333333,0.6822783583333333,1000
replay,beta0,all shapes pooled,100,ucb_per_family,0.6054686666666667,0.6043347833333332,0.6065533833333333,1000
replay,beta0,all shapes pooled,100000,ucb_per_family,0.6839316666666667,0.6824495416666667,0.6855435833333333,200
replay,beta0,all shapes pooled,1000,verify_on_claim,0.7838276666666667,0.7830626083333333,0.784616675,1000
replay,beta0,all shapes pooled,1000000,verify_on_claim,0.7884266666666667,0.7857199166666664,0.7910735,100
replay,beta0,all shapes pooled,10,verify_on_claim,0.4357003333333333,0.4295836666666667,0.442151025,1000
replay,beta0,all shapes pooled,10000,verify_on_claim,0.7879893333333333,0.7872339916666666,0.788766675,1000
replay,beta0,all shapes pooled,100,verify_on_claim,0.7289536666666666,0.7278419833333333,0.7300790749999999,1000
replay,beta0,all shapes pooled,100000,verify_on_claim,0.7894383333333334,0.7877415416666668,0.7911952916666667,200
replay,beta0,all shapes pooled,1000,warm_start_bandit,0.7589756666666667,0.7581783083333334,0.7597935083333334,1000
replay,beta0,all shapes pooled,1000000,warm_start_bandit,0.78592,0.7833200000000001,0.7884399999999999,100
replay,beta0,all shapes pooled,10,warm_start_bandit,0.4648763333333333,0.4576687416666667,0.4721054666666666,1000
replay,beta0,all shapes pooled,10000,warm_start_bandit,0.7782256666666667,0.7774239416666667,0.778991675,1000
replay,beta0,all shapes pooled,100,warm_start_bandit,0.7076490000000001,0.706560225,0.7087704416666667,1000
replay,beta0,all shapes pooled,100000,warm_start_bandit,0.7848483333333334,0.7831913333333332,0.786560125,200
replay,beta025_random,all shapes pooled,1000,cluster_head_router,0.7152803333333334,0.714051925,0.7164262583333333,1000
replay,beta025_random,all shapes pooled,1000000,cluster_head_router,0.72475,0.7213866666666668,0.7284268333333332,100
replay,beta025_random,all shapes pooled,10,cluster_head_router,0.444734,0.4374346249999999,0.4521480083333333,1000
replay,beta025_random,all shapes pooled,10000,cluster_head_router,0.7232323333333334,0.7221335666666666,0.7243875166666667,1000
replay,beta025_random,all shapes pooled,100,cluster_head_router,0.6197843333333334,0.6179736666666668,0.6215802500000001,1000
replay,beta025_random,all shapes pooled,100000,cluster_head_router,0.7243449999999999,0.7221179583333334,0.7267385000000001,200
replay,beta025_random,all shapes pooled,1000,cnp_self_bid,0.7152719999999999,0.71447965,0.7160467083333333,1000
replay,beta025_random,all shapes pooled,1000000,cnp_self_bid,0.7222,0.7198731666666667,0.7245600833333335,100
replay,beta025_random,all shapes pooled,10,cnp_self_bid,0.444046,0.43680335,0.4513991333333333,1000
replay,beta025_random,all shapes pooled,10000,cnp_self_bid,0.7210793333333334,0.7203373083333334,0.721817675,1000
replay,beta025_random,all shapes pooled,100,cnp_self_bid,0.6816399999999999,0.6804395583333334,0.6828654166666667,1000
replay,beta025_random,all shapes pooled,100000,cnp_self_bid,0.7221316666666666,0.7204716250000001,0.7237434583333334,200
replay,beta025_random,all shapes pooled,1000,declared_argmax,0.7176566666666666,0.7165842,0.7186940666666667,1000
replay,beta025_random,all shapes pooled,1000000,declared_argmax,0.7235133333333332,0.7200532499999999,0.7272241666666669,100
replay,beta025_random,all shapes pooled,10,declared_argmax,0.4446696666666667,0.4374262166666667,0.4520240083333333,1000
replay,beta025_random,all shapes pooled,10000,declared_argmax,0.7223613333333333,0.7213542166666667,0.7234363666666667,1000
replay,beta025_random,all shapes pooled,100,declared_argmax,0.6842706666666666,0.6828578833333334,0.6858013666666667,1000
replay,beta025_random,all shapes pooled,100000,declared_argmax,0.7245333333333334,0.7222982916666666,0.7266784583333333,200
replay,beta025_random,all shapes pooled,1000,declared_softmax,0.6510356666666667,0.6502372249999999,0.6518001166666666,1000
replay,beta025_random,all shapes pooled,1000000,declared_softmax,0.65352,0.6513131666666666,0.6558300833333335,100
replay,beta025_random,all shapes pooled,10,declared_softmax,0.4286226666666666,0.4217210999999999,0.4356439916666667,1000
replay,beta025_random,all shapes pooled,10000,declared_softmax,0.653717,0.6529681916666668,0.654487025,1000
replay,beta025_random,all shapes pooled,100,declared_softmax,0.6184630000000001,0.6173321249999999,0.6196504166666666,1000
replay,beta025_random,all shapes pooled,100000,declared_softmax,0.6554099999999999,0.6539482083333333,0.6569617916666667,200
replay,beta025_random,all shapes pooled,1000,disrouter_cascade,0.6068103333333333,0.6059278416666667,0.6076744083333334,1000
replay,beta025_random,all shapes pooled,1000000,disrouter_cascade,0.5970266666666667,0.5945396666666666,0.5995466666666666,100
replay,beta025_random,all shapes pooled,10,disrouter_cascade,0.4387573333333333,0.43195135,0.445721375,1000
replay,beta025_random,all shapes pooled,10000,disrouter_cascade,0.5940843333333333,0.5932766583333333,0.5949044166666667,1000
replay,beta025_random,all shapes pooled,100,disrouter_cascade,0.635894,0.6348113166666666,0.6369413666666666,1000
replay,beta025_random,all shapes pooled,100000,disrouter_cascade,0.5982333333333334,0.5964664583333333,0.599936875,200
replay,beta025_random,all shapes pooled,1000,flat_nsw_router,0.7000890000000001,0.6991508583333335,0.7009806916666667,1000
replay,beta025_random,all shapes pooled,1000000,flat_nsw_router,0.71278,0.7095586666666664,0.71599,100
replay,beta025_random,all shapes pooled,10,flat_nsw_router,0.446144,0.4392099333333333,0.4533243583333333,1000
replay,beta025_random,all shapes pooled,10000,flat_nsw_router,0.7102313333333333,0.70929165,0.7112400583333334,1000
replay,beta025_random,all shapes pooled,100,flat_nsw_router,0.666582,0.6655183000000001,0.6676513666666667,1000
replay,beta025_random,all shapes pooled,100000,flat_nsw_router,0.7138816666666666,0.7116432916666666,0.716045,200
replay,beta025_random,all shapes pooled,1000,flat_probe_argmax_frozen,0.6821786666666667,0.6809667,0.68331445,1000
replay,beta025_random,all shapes pooled,1000000,flat_probe_argmax_frozen,0.6824366666666667,0.6787564999999999,0.6861371666666666,100
replay,beta025_random,all shapes pooled,10,flat_probe_argmax_frozen,0.4464446666666666,0.4393906833333333,0.4534527416666666,1000
replay,beta025_random,all shapes pooled,10000,flat_probe_argmax_frozen,0.6813573333333334,0.6801739416666666,0.6825544583333333,1000
replay,beta025_random,all shapes pooled,100,flat_probe_argmax_frozen,0.664146,0.6628657666666666,0.6653987,1000
replay,beta025_random,all shapes pooled,100000,flat_probe_argmax_frozen,0.6831883333333334,0.6806030416666666,0.685708375,200
replay,beta025_random,all shapes pooled,1000,flat_probe_argmax_online,0.7043183333333333,0.7034081750000001,0.705224425,1000
replay,beta025_random,all shapes pooled,1000000,flat_probe_argmax_online,0.7067766666666666,0.7039598333333335,0.7096736666666669,100
replay,beta025_random,all shapes pooled,10,flat_probe_argmax_online,0.4561456666666666,0.4490737416666666,0.46331945,1000
replay,beta025_random,all shapes pooled,10000,flat_probe_argmax_online,0.7050883333333334,0.7041608333333333,0.7060247250000001,1000
replay,beta025_random,all shapes pooled,100,flat_probe_argmax_online,0.6841356666666667,0.6830671583333333,0.6852421166666666,1000
replay,beta025_random,all shapes pooled,100000,flat_probe_argmax_online,0.706845,0.7049146666666667,0.7089102916666666,200
replay,beta025_random,all shapes pooled,1000,gossip_reputation_greedy,0.437906,0.4369597916666667,0.438905175,1000
replay,beta025_random,all shapes pooled,1000000,gossip_reputation_greedy,0.4526833333333334,0.4508232499999999,0.4546568333333334,100
replay,beta025_random,all shapes pooled,10,gossip_reputation_greedy,0.2735143333333333,0.2697792166666667,0.2771820083333334,1000
replay,beta025_random,all shapes pooled,10000,gossip_reputation_greedy,0.4513883333333333,0.4507426666666666,0.4520430083333334,1000
replay,beta025_random,all shapes pooled,100,gossip_reputation_greedy,0.3791960000000001,0.3773398583333333,0.3811131583333333,1000
replay,beta025_random,all shapes pooled,100000,gossip_reputation_greedy,0.452865,0.4516199999999999,0.4541700416666667,200
replay,beta025_random,all shapes pooled,1000,linucb_honest,0.6745176666666667,0.673764275,0.6752818333333335,1000
replay,beta025_random,all shapes pooled,1000000,linucb_honest,0.4991333333333334,0.4972698333333333,0.501134,100
replay,beta025_random,all shapes pooled,10,linucb_honest,0.4635123333333332,0.4561876,0.4708498583333333,1000
replay,beta025_random,all shapes pooled,10000,linucb_honest,0.5437750000000001,0.5431165916666667,0.5444123333333333,1000
replay,beta025_random,all shapes pooled,100,linucb_honest,0.6976929999999999,0.6965317916666667,0.6989110333333334,1000
replay,beta025_random,all shapes pooled,100000,linucb_honest,0.5128250000000001,0.5115215416666666,0.5141433333333333,200
replay,beta025_random,all shapes pooled,1000,midian,0.7383476666666665,0.7374858583333335,0.7392036916666667,1000
replay,beta025_random,all shapes pooled,1000000,midian,0.7582233333333332,0.7555396666666666,0.7608500833333334,100
replay,beta025_random,all shapes pooled,10,midian,0.4432193333333333,0.4362353249999999,0.450354225,1000
replay,beta025_random,all shapes pooled,10000,midian,0.75147,0.7506256499999999,0.7522965333333334,1000
replay,beta025_random,all shapes pooled,100,midian,0.6898816666666666,0.68875645,0.690995025,1000
replay,beta025_random,all shapes pooled,100000,midian,0.7565033333333332,0.754753125,0.7583052083333334,200
replay,beta025_random,all shapes pooled,1000,"midian[audit=False,r=5,verify=False]",0.6776653333333333,0.6758596666666666,0.6794360999999999,1000
replay,beta025_random,all shapes pooled,1000000,"midian[audit=False,r=5,verify=False]",0.6776866666666667,0.6702063333333332,0.6841602500000001,100
replay,beta025_random,all shapes pooled,10,"midian[audit=False,r=5,verify=False]",0.446137,0.4391129416666666,0.4532666083333333,1000
replay,beta025_random,all shapes pooled,10000,"midian[audit=False,r=5,verify=False]",0.6814946666666667,0.6794792083333334,0.683362675,1000
replay,beta025_random,all shapes pooled,100,"midian[audit=False,r=5,verify=False]",0.6437793333333334,0.6414216,0.6458848499999998,1000
replay,beta025_random,all shapes pooled,100000,"midian[audit=False,r=5,verify=False]",0.6830083333333332,0.6790712916666667,0.6868539166666666,200
replay,beta025_random,all shapes pooled,1000,midian_wo_audit,0.7365043333333333,0.7354485916666667,0.7375200083333333,1000
replay,beta025_random,all shapes pooled,1000000,midian_wo_audit,0.75495,0.7521331666666667,0.7576506666666668,100
replay,beta025_random,all shapes pooled,10,midian_wo_audit,0.443237,0.4362522,0.4503655583333333,1000
replay,beta025_random,all shapes pooled,10000,midian_wo_audit,0.749319,0.7484469666666667,0.7502098916666666,1000
replay,beta025_random,all shapes pooled,100,midian_wo_audit,0.6861176666666667,0.6847869333333334,0.6874788583333333,1000
replay,beta025_random,all shapes pooled,100000,midian_wo_audit,0.7530083333333334,0.7510732916666666,0.7550116666666667,200
replay,beta025_random,all shapes pooled,1000,midian_wo_audit_r5,0.7261776666666668,0.7249605833333332,0.7273830333333333,1000
replay,beta025_random,all shapes pooled,1000000,midian_wo_audit_r5,0.7531933333333334,0.7502898333333331,0.7560335,100
replay,beta025_random,all shapes pooled,10,midian_wo_audit_r5,0.4399073333333333,0.4327757,0.4470568,1000
replay,beta025_random,all shapes pooled,10000,midian_wo_audit_r5,0.7439773333333333,0.7431001833333334,0.74487075,1000
replay,beta025_random,all shapes pooled,100,midian_wo_audit_r5,0.6769489999999999,0.6750986499999999,0.6787147000000001,1000
replay,beta025_random,all shapes pooled,100000,midian_wo_audit_r5,0.7457433333333334,0.74373475,0.7477737083333333,200
replay,beta025_random,all shapes pooled,1000,midian_wo_defenses,0.6935293333333334,0.6925905166666667,0.6944733750000001,1000
replay,beta025_random,all shapes pooled,1000000,midian_wo_defenses,0.6939766666666666,0.6912025833333334,0.696776916666667,100
replay,beta025_random,all shapes pooled,10,midian_wo_defenses,0.4446383333333333,0.4376518333333333,0.451797725,1000
replay,beta025_random,all shapes pooled,10000,midian_wo_defenses,0.6955169999999999,0.6945017333333334,0.6964783833333333,1000
replay,beta025_random,all shapes pooled,100,midian_wo_defenses,0.6624903333333333,0.6612172,0.6637510333333333,1000
replay,beta025_random,all shapes pooled,100000,midian_wo_defenses,0.6963783333333333,0.6942180833333333,0.6985917500000002,200
replay,beta025_random,all shapes pooled,1000,midian_wo_verify,0.7041436666666667,0.7032206666666666,0.70508335,1000
replay,beta025_random,all shapes pooled,1000000,midian_wo_verify,0.70364,0.7007364166666668,0.7065243333333333,100
replay,beta025_random,all shapes pooled,10,midian_wo_verify,0.4547103333333334,0.4476028666666667,0.4619000583333333,1000
replay,beta025_random,all shapes pooled,10000,midian_wo_verify,0.7057836666666666,0.7047676166666667,0.7067376750000001,1000
replay,beta025_random,all shapes pooled,100,midian_wo_verify,0.6828099999999999,0.6817216499999998,0.6839854666666667,1000
replay,beta025_random,all shapes pooled,100000,midian_wo_verify,0.7070033333333333,0.7051432083333332,0.70899,200
replay,beta025_random,all shapes pooled,1000,oracle,0.7893856666666665,0.788595,0.7901718000000001,1000
replay,beta025_random,all shapes pooled,1000000,oracle,0.7900366666666667,0.7873629166666666,0.7926500833333335,100
replay,beta025_random,all shapes pooled,10,oracle,0.4869886666666666,0.4796474583333333,0.4941553666666667,1000
replay,beta025_random,all shapes pooled,10000,oracle,0.7899286666666667,0.78915225,0.7907204250000001,1000
replay,beta025_random,all shapes pooled,100,oracle,0.7517786666666667,0.750797925,0.7528240333333334,1000
replay,beta025_random,all shapes pooled,100000,oracle,0.7908616666666668,0.789138125,0.792625,200
replay,beta025_random,all shapes pooled,1000,random,0.1915596666666666,0.1910175916666666,0.1921287833333333,1000
replay,beta025_random,all shapes pooled,1000000,random,0.1913066666666666,0.1897425833333333,0.1929938333333333,100
replay,beta025_random,all shapes pooled,10,random,0.1920706666666666,0.1897382083333333,0.194226075,1000
replay,beta025_random,all shapes pooled,10000,random,0.1918383333333333,0.1913428999999999,0.1923624,1000
replay,beta025_random,all shapes pooled,100,random,0.1923659999999999,0.1915739916666666,0.1932392083333333,1000
replay,beta025_random,all shapes pooled,100000,random,0.1918833333333333,0.1908133333333333,0.1930252499999999,200
replay,beta025_random,all shapes pooled,1000,referral_network,0.3407193333333333,0.3399606416666667,0.3415110749999999,1000
replay,beta025_random,all shapes pooled,1000000,referral_network,0.3430666666666666,0.3411464166666667,0.3449366666666666,100
replay,beta025_random,all shapes pooled,10,referral_network,0.3207933333333334,0.3157496,0.3256840083333334,1000
replay,beta025_random,all shapes pooled,10000,referral_network,0.3415383333333333,0.3409273333333333,0.3421403749999999,1000
replay,beta025_random,all shapes pooled,100,referral_network,0.336871,0.3352736,0.338555125,1000
replay,beta025_random,all shapes pooled,100000,referral_network,0.3420333333333333,0.340716625,0.3434285833333333,200
replay,beta025_random,all shapes pooled,1000,route_to_k_majority,0.7200483333333333,0.7191903083333335,0.7208984916666666,1000
replay,beta025_random,all shapes pooled,1000000,route_to_k_majority,0.7320100000000002,0.7296294166666668,0.7345436666666667,100
replay,beta025_random,all shapes pooled,10,route_to_k_majority,0.3036043333333333,0.296464325,0.310712775,1000
replay,beta025_random,all shapes pooled,10000,route_to_k_majority,0.7310573333333332,0.7302886499999999,0.7318411083333333,1000
replay,beta025_random,all shapes pooled,100,route_to_k_majority,0.6419466666666667,0.6406462916666666,0.6433539416666667,1000
replay,beta025_random,all shapes pooled,100000,route_to_k_majority,0.7325683333333334,0.7308364166666667,0.7342434999999999,200
replay,beta025_random,all shapes pooled,1000,sequential_halving_peer,0.7786823333333334,0.7778741333333333,0.779475,1000
replay,beta025_random,all shapes pooled,1000000,sequential_halving_peer,0.7899866666666668,0.7873033333333334,0.7926235833333335,100
replay,beta025_random,all shapes pooled,10,sequential_halving_peer,0.4320353333333333,0.425059925,0.4390257666666667,1000
replay,beta025_random,all shapes pooled,10000,sequential_halving_peer,0.7887616666666666,0.7879856166666667,0.7895440166666668,1000
replay,beta025_random,all shapes pooled,100,sequential_halving_peer,0.705524,0.7043718750000001,0.7067256999999999,1000
replay,beta025_random,all shapes pooled,100000,sequential_halving_peer,0.7905166666666668,0.7888315,0.7923116666666666,200
replay,beta025_random,all shapes pooled,1000,thompson_per_family,0.6723999999999999,0.6716366583333334,0.6731467250000001,1000
replay,beta025_random,all shapes pooled,1000000,thompson_per_family,0.6818400000000001,0.6796966666666668,0.6841571666666668,100
replay,beta025_random,all shapes pooled,10,thompson_per_family,0.4123136666666667,0.405799575,0.4190217833333333,1000
replay,beta025_random,all shapes pooled,10000,thompson_per_family,0.6811636666666666,0.680392925,0.6819010000000001,1000
replay,beta025_random,all shapes pooled,100,thompson_per_family,0.6046763333333334,0.6035434333333334,0.6058463333333333,1000
replay,beta025_random,all shapes pooled,100000,thompson_per_family,0.68316,0.6816850000000001,0.684645375,200
replay,beta025_random,all shapes pooled,1000,trueskill_per_family,0.654811,0.6539275,0.6557460416666665,1000
replay,beta025_random,all shapes pooled,10,trueskill_per_family,0.4080013333333334,0.401475975,0.4144318333333333,1000
replay,beta025_random,all shapes pooled,10000,trueskill_per_family,0.657811,0.6568992499999999,0.6587090083333335,1000
replay,beta025_random,all shapes pooled,100,trueskill_per_family,0.6271009999999999,0.6258774083333335,0.6283071,1000
replay,beta025_random,all shapes pooled,1000,ucb_per_family,0.6773583333333334,0.6765875333333333,0.6781577083333334,1000
replay,beta025_random,all shapes pooled,1000000,ucb_per_family,0.6828133333333333,0.6805564166666667,0.68511675,100
replay,beta025_random,all shapes pooled,10,ucb_per_family,0.3813796666666667,0.3755044916666666,0.387481975,1000
replay,beta025_random,all shapes pooled,10000,ucb_per_family,0.6814756666666666,0.6807102083333333,0.6822783583333333,1000
replay,beta025_random,all shapes pooled,100,ucb_per_family,0.6054686666666667,0.6043347833333332,0.6065533833333333,1000
replay,beta025_random,all shapes pooled,100000,ucb_per_family,0.6839316666666667,0.6824495416666667,0.6855435833333333,200
replay,beta025_random,all shapes pooled,1000,verify_on_claim,0.7247993333333334,0.723885,0.7257547333333333,1000
replay,beta025_random,all shapes pooled,1000000,verify_on_claim,0.7363266666666667,0.7332766666666667,0.7395967500000001,100
replay,beta025_random,all shapes pooled,10,verify_on_claim,0.4161966666666667,0.4099955416666667,0.4227635166666666,1000
replay,beta025_random,all shapes pooled,10000,verify_on_claim,0.7351306666666666,0.7342501833333335,0.7360587833333333,1000
replay,beta025_random,all shapes pooled,100,verify_on_claim,0.679833,0.678617575,0.6810614333333332,1000
replay,beta025_random,all shapes pooled,100000,verify_on_claim,0.7379033333333332,0.7359115416666666,0.7398055,200
replay,beta025_random,all shapes pooled,1000,warm_start_bandit,0.7237963333333334,0.7229460833333333,0.7246737083333333,1000
replay,beta025_random,all shapes pooled,1000000,warm_start_bandit,0.7433566666666667,0.740703,0.7461402500000002,100
replay,beta025_random,all shapes pooled,10,warm_start_bandit,0.451946,0.4448513833333333,0.4592071166666666,1000
replay,beta025_random,all shapes pooled,10000,warm_start_bandit,0.7381686666666668,0.7373498083333334,0.739013375,1000
replay,beta025_random,all shapes pooled,100,warm_start_bandit,0.673142,0.6719879166666666,0.6743534166666666,1000
replay,beta025_random,all shapes pooled,100000,warm_start_bandit,0.7439966666666666,0.7421882083333333,0.7457249999999999,200
replay,beta025_cartel,all shapes pooled,1000,cluster_head_router,0.7385626666666667,0.7376871833333333,0.73942775,1000
replay,beta025_cartel,all shapes pooled,1000000,cluster_head_router,0.74349,0.7410125833333333,0.7460771666666667,100
replay,beta025_cartel,all shapes pooled,10,cluster_head_router,0.4534156666666666,0.4460574416666666,0.4606955166666667,1000
replay,beta025_cartel,all shapes pooled,10000,cluster_head_router,0.7505043333333333,0.7496672833333333,0.7513267416666666,1000
replay,beta025_cartel,all shapes pooled,100,cluster_head_router,0.6046503333333334,0.6033329750000002,0.605973075,1000
replay,beta025_cartel,all shapes pooled,100000,cluster_head_router,0.7445916666666667,0.7428616666666668,0.7463619166666667,200
replay,beta025_cartel,all shapes pooled,1000,cnp_self_bid,0.7480603333333332,0.7472646583333333,0.7488622166666667,1000
replay,beta025_cartel,all shapes pooled,1000000,cnp_self_bid,0.74326,0.7407962499999999,0.7458674166666667,100
replay,beta025_cartel,all shapes pooled,10,cnp_self_bid,0.4521963333333333,0.4448664666666666,0.45950335,1000
replay,beta025_cartel,all shapes pooled,10000,cnp_self_bid,0.7467226666666668,0.7459429750000001,0.7474880166666668,1000
replay,beta025_cartel,all shapes pooled,100,cnp_self_bid,0.7013343333333334,0.7002139916666666,0.7025240583333333,1000
replay,beta025_cartel,all shapes pooled,100000,cnp_self_bid,0.7420083333333334,0.7403499166666666,0.7436984583333334,200
replay,beta025_cartel,all shapes pooled,1000,declared_argmax,0.7487726666666668,0.7479486416666667,0.7496044999999999,1000
replay,beta025_cartel,all shapes pooled,1000000,declared_argmax,0.7432333333333333,0.7407596666666664,0.7457834166666668,100
replay,beta025_cartel,all shapes pooled,10,declared_argmax,0.4533806666666666,0.4460334083333333,0.4606715333333333,1000
replay,beta025_cartel,all shapes pooled,10000,declared_argmax,0.7462813333333335,0.7455130166666667,0.7470825833333333,1000
replay,beta025_cartel,all shapes pooled,100,declared_argmax,0.7032430000000001,0.7020830833333334,0.704466375,1000
replay,beta025_cartel,all shapes pooled,100000,declared_argmax,0.7402866666666666,0.7385999166666667,0.7420000416666667,200
replay,beta025_cartel,all shapes pooled,1000,declared_softmax,0.6001786666666666,0.5994386583333333,0.6009513833333334,1000
replay,beta025_cartel,all shapes pooled,1000000,declared_softmax,0.6033766666666666,0.6010661666666667,0.6057070000000001,100
replay,beta025_cartel,all shapes pooled,10,declared_softmax,0.420053,0.41315135,0.4269121666666667,1000
replay,beta025_cartel,all shapes pooled,10000,declared_softmax,0.6027429999999999,0.6019348666666666,0.6035297499999999,1000
replay,beta025_cartel,all shapes pooled,100,declared_softmax,0.5773753333333334,0.5761540333333335,0.578643025,1000
replay,beta025_cartel,all shapes pooled,100000,declared_softmax,0.6041216666666666,0.6025516666666667,0.6057070000000001,200
replay,beta025_cartel,all shapes pooled,1000,disrouter_cascade,0.6633016666666667,0.6624542,0.664103375,1000
replay,beta025_cartel,all shapes pooled,1000000,disrouter_cascade,0.639,0.6365892499999999,0.6417866666666666,100
replay,beta025_cartel,all shapes pooled,10,disrouter_cascade,0.436966,0.4299303416666666,0.443877225,1000
replay,beta025_cartel,all shapes pooled,10000,disrouter_cascade,0.6500236666666667,0.6492122166666667,0.6508568333333332,1000
replay,beta025_cartel,all shapes pooled,100,disrouter_cascade,0.6527336666666667,0.6516199083333333,0.6538397833333333,1000
replay,beta025_cartel,all shapes pooled,100000,disrouter_cascade,0.646555,0.6447664166666667,0.6483417916666667,200
replay,beta025_cartel,all shapes pooled,1000,flat_nsw_router,0.7000890000000001,0.6991508583333335,0.7009806916666667,1000
replay,beta025_cartel,all shapes pooled,1000000,flat_nsw_router,0.71278,0.7095586666666664,0.71599,100
replay,beta025_cartel,all shapes pooled,10,flat_nsw_router,0.446144,0.4392099333333333,0.4533243583333333,1000
replay,beta025_cartel,all shapes pooled,10000,flat_nsw_router,0.7102313333333333,0.70929165,0.7112400583333334,1000
replay,beta025_cartel,all shapes pooled,100,flat_nsw_router,0.666582,0.6655183000000001,0.6676513666666667,1000
replay,beta025_cartel,all shapes pooled,100000,flat_nsw_router,0.7138816666666666,0.7116432916666666,0.716045,200
replay,beta025_cartel,all shapes pooled,1000,flat_probe_argmax_frozen,0.6821786666666667,0.6809667,0.68331445,1000
replay,beta025_cartel,all shapes pooled,1000000,flat_probe_argmax_frozen,0.6824366666666667,0.6787564999999999,0.6861371666666666,100
replay,beta025_cartel,all shapes pooled,10,flat_probe_argmax_frozen,0.4464446666666666,0.4393906833333333,0.4534527416666666,1000
replay,beta025_cartel,all shapes pooled,10000,flat_probe_argmax_frozen,0.6813573333333334,0.6801739416666666,0.6825544583333333,1000
replay,beta025_cartel,all shapes pooled,100,flat_probe_argmax_frozen,0.664146,0.6628657666666666,0.6653987,1000
replay,beta025_cartel,all shapes pooled,100000,flat_probe_argmax_frozen,0.6831883333333334,0.6806030416666666,0.685708375,200
replay,beta025_cartel,all shapes pooled,1000,flat_probe_argmax_online,0.7043183333333333,0.7034081750000001,0.705224425,1000
replay,beta025_cartel,all shapes pooled,1000000,flat_probe_argmax_online,0.7067766666666666,0.7039598333333335,0.7096736666666669,100
replay,beta025_cartel,all shapes pooled,10,flat_probe_argmax_online,0.4561456666666666,0.4490737416666666,0.46331945,1000
replay,beta025_cartel,all shapes pooled,10000,flat_probe_argmax_online,0.7050883333333334,0.7041608333333333,0.7060247250000001,1000
replay,beta025_cartel,all shapes pooled,100,flat_probe_argmax_online,0.6841356666666667,0.6830671583333333,0.6852421166666666,1000
replay,beta025_cartel,all shapes pooled,100000,flat_probe_argmax_online,0.706845,0.7049146666666667,0.7089102916666666,200
replay,beta025_cartel,all shapes pooled,1000,gossip_reputation_greedy,0.493932,0.4932419416666667,0.4946703333333334,1000
replay,beta025_cartel,all shapes pooled,1000000,gossip_reputation_greedy,0.50832,0.5063190833333334,0.5102602500000001,100
replay,beta025_cartel,all shapes pooled,10,gossip_reputation_greedy,0.281095,0.2773199166666666,0.2846125,1000
replay,beta025_cartel,all shapes pooled,10000,gossip_reputation_greedy,0.5066900000000001,0.5060579333333334,0.5073410583333334,1000
replay,beta025_cartel,all shapes pooled,100,gossip_reputation_greedy,0.4191763333333333,0.417266925,0.4211210833333333,1000
replay,beta025_cartel,all shapes pooled,100000,gossip_reputation_greedy,0.509105,0.5076696666666666,0.510598875,200
replay,beta025_cartel,all shapes pooled,1000,linucb_honest,0.6745176666666667,0.673764275,0.6752818333333335,1000
replay,beta025_cartel,all shapes pooled,1000000,linucb_honest,0.4991333333333334,0.4972698333333333,0.501134,100
replay,beta025_cartel,all shapes pooled,10,linucb_honest,0.4635123333333332,0.4561876,0.4708498583333333,1000
replay,beta025_cartel,all shapes pooled,10000,linucb_honest,0.5437750000000001,0.5431165916666667,0.5444123333333333,1000
replay,beta025_cartel,all shapes pooled,100,linucb_honest,0.6976929999999999,0.6965317916666667,0.6989110333333334,1000
replay,beta025_cartel,all shapes pooled,100000,linucb_honest,0.5128250000000001,0.5115215416666666,0.5141433333333333,200
replay,beta025_cartel,all shapes pooled,1000,midian,0.7372946666666667,0.7364541416666667,0.7381443833333333,1000
replay,beta025_cartel,all shapes pooled,1000000,midian,0.7579033333333333,0.75507325,0.7607069166666669,100
replay,beta025_cartel,all shapes pooled,10,midian,0.4432366666666666,0.4362515333333333,0.4503665249999999,1000
replay,beta025_cartel,all shapes pooled,10000,midian,0.7503283333333333,0.7494622,0.751178025,1000
replay,beta025_cartel,all shapes pooled,100,midian,0.689805,0.6886904666666667,0.6909442333333333,1000
replay,beta025_cartel,all shapes pooled,100000,midian,0.7557533333333333,0.754031625,0.7575667083333333,200
replay,beta025_cartel,all shapes pooled,1000,"midian[audit=False,r=5,verify=False]",0.6659223333333334,0.664285675,0.6674714500000001,1000
replay,beta025_cartel,all shapes pooled,1000000,"midian[audit=False,r=5,verify=False]",0.67541,0.6706792499999998,0.6798269166666666,100
replay,beta025_cartel,all shapes pooled,10,"midian[audit=False,r=5,verify=False]",0.4429066666666666,0.4358504,0.450051875,1000
replay,beta025_cartel,all shapes pooled,10000,"midian[audit=False,r=5,verify=False]",0.6718653333333333,0.67018845,0.6734580583333334,1000
replay,beta025_cartel,all shapes pooled,100,"midian[audit=False,r=5,verify=False]",0.631872,0.6299038333333333,0.6338041583333333,1000
replay,beta025_cartel,all shapes pooled,100000,"midian[audit=False,r=5,verify=False]",0.6734583333333333,0.6701863749999999,0.6768318333333333,200
replay,beta025_cartel,all shapes pooled,1000,midian_wo_audit,0.7349413333333336,0.734016925,0.7358516416666667,1000
replay,beta025_cartel,all shapes pooled,1000000,midian_wo_audit,0.7559933333333333,0.75318925,0.7588512499999999,100
replay,beta025_cartel,all shapes pooled,10,midian_wo_audit,0.443237,0.4362522,0.4503655583333333,1000
replay,beta025_cartel,all shapes pooled,10000,midian_wo_audit,0.7503156666666667,0.7494347666666666,0.7511510166666667,1000
replay,beta025_cartel,all shapes pooled,100,midian_wo_audit,0.6821946666666667,0.6804547333333333,0.6838620583333334,1000
replay,beta025_cartel,all shapes pooled,100000,midian_wo_audit,0.754765,0.7529297916666667,0.7566766666666667,200
replay,beta025_cartel,all shapes pooled,1000,midian_wo_audit_r5,0.7273606666666667,0.7263109833333332,0.728414,1000
replay,beta025_cartel,all shapes pooled,1000000,midian_wo_audit_r5,0.7586666666666666,0.7559558333333332,0.7615833333333333,100
replay,beta025_cartel,all shapes pooled,10,midian_wo_audit_r5,0.4348293333333333,0.4278926,0.4415390833333333,1000
replay,beta025_cartel,all shapes pooled,10000,midian_wo_audit_r5,0.7487736666666667,0.7478706333333334,0.7496739083333332,1000
replay,beta025_cartel,all shapes pooled,100,midian_wo_audit_r5,0.6710733333333334,0.6692211833333335,0.6727455666666667,1000
replay,beta025_cartel,all shapes pooled,100000,midian_wo_audit_r5,0.7505633333333334,0.7488532916666667,0.7523654166666667,200
replay,beta025_cartel,all shapes pooled,1000,midian_wo_defenses,0.6846553333333335,0.6836699,0.6856726833333333,1000
replay,beta025_cartel,all shapes pooled,1000000,midian_wo_defenses,0.6855966666666667,0.6813993333333335,0.6892870000000001,100
replay,beta025_cartel,all shapes pooled,10,midian_wo_defenses,0.441146,0.434156275,0.448251225,1000
replay,beta025_cartel,all shapes pooled,10000,midian_wo_defenses,0.6871360000000001,0.68611655,0.688129425,1000
replay,beta025_cartel,all shapes pooled,100,midian_wo_defenses,0.651533,0.6503106083333332,0.6528346666666667,1000
replay,beta025_cartel,all shapes pooled,100000,midian_wo_defenses,0.6894533333333334,0.687465,0.6914767500000002,200
replay,beta025_cartel,all shapes pooled,1000,midian_wo_verify,0.7041066666666668,0.7031879750000002,0.7050356833333333,1000
replay,beta025_cartel,all shapes pooled,1000000,midian_wo_verify,0.7036966666666666,0.7007792500000001,0.7066268333333332,100
replay,beta025_cartel,all shapes pooled,10,midian_wo_verify,0.4547163333333333,0.4476069,0.4619031166666666,1000
replay,beta025_cartel,all shapes pooled,10000,midian_wo_verify,0.7059470000000001,0.70501965,0.7068817166666667,1000
replay,beta025_cartel,all shapes pooled,100,midian_wo_verify,0.682809,0.6817302166666667,0.6839795083333334,1000
replay,beta025_cartel,all shapes pooled,100000,midian_wo_verify,0.7069316666666666,0.7050432916666667,0.7089318333333334,200
replay,beta025_cartel,all shapes pooled,1000,oracle,0.7893856666666665,0.788595,0.7901718000000001,1000
replay,beta025_cartel,all shapes pooled,1000000,oracle,0.7900366666666667,0.7873629166666666,0.7926500833333335,100
replay,beta025_cartel,all shapes pooled,10,oracle,0.4869886666666666,0.4796474583333333,0.4941553666666667,1000
replay,beta025_cartel,all shapes pooled,10000,oracle,0.7899286666666667,0.78915225,0.7907204250000001,1000
replay,beta025_cartel,all shapes pooled,100,oracle,0.7517786666666667,0.750797925,0.7528240333333334,1000
replay,beta025_cartel,all shapes pooled,100000,oracle,0.7908616666666668,0.789138125,0.792625,200
replay,beta025_cartel,all shapes pooled,1000,random,0.1915596666666666,0.1910175916666666,0.1921287833333333,1000
replay,beta025_cartel,all shapes pooled,1000000,random,0.1913066666666666,0.1897425833333333,0.1929938333333333,100
replay,beta025_cartel,all shapes pooled,10,random,0.1920706666666666,0.1897382083333333,0.194226075,1000
replay,beta025_cartel,all shapes pooled,10000,random,0.1918383333333333,0.1913428999999999,0.1923624,1000
replay,beta025_cartel,all shapes pooled,100,random,0.1923659999999999,0.1915739916666666,0.1932392083333333,1000
replay,beta025_cartel,all shapes pooled,100000,random,0.1918833333333333,0.1908133333333333,0.1930252499999999,200
replay,beta025_cartel,all shapes pooled,1000,referral_network,0.3290103333333333,0.3282279916666666,0.329786675,1000
replay,beta025_cartel,all shapes pooled,1000000,referral_network,0.32931,0.3274960833333333,0.3310534166666667,100
replay,beta025_cartel,all shapes pooled,10,referral_network,0.309113,0.3045358416666667,0.3137042333333333,1000
replay,beta025_cartel,all shapes pooled,10000,referral_network,0.3300343333333334,0.3294229416666667,0.3306287916666666,1000
replay,beta025_cartel,all shapes pooled,100,referral_network,0.3243689999999999,0.3228619583333333,0.3259615166666667,1000
replay,beta025_cartel,all shapes pooled,100000,referral_network,0.3311099999999999,0.3298448749999999,0.3324649999999999,200
replay,beta025_cartel,all shapes pooled,1000,route_to_k_majority,0.7497636666666667,0.7489502333333334,0.7505858583333332,1000
replay,beta025_cartel,all shapes pooled,1000000,route_to_k_majority,0.74458,0.7420765833333334,0.7471604999999999,100
replay,beta025_cartel,all shapes pooled,10,route_to_k_majority,0.2962306666666666,0.2892433666666666,0.3033860166666666,1000
replay,beta025_cartel,all shapes pooled,10000,route_to_k_majority,0.7524623333333333,0.7516876166666667,0.7532527750000001,1000
replay,beta025_cartel,all shapes pooled,100,route_to_k_majority,0.6589813333333333,0.6575626000000001,0.6604730916666667,1000
replay,beta025_cartel,all shapes pooled,100000,route_to_k_majority,0.7431766666666668,0.7415627916666667,0.744965125,200
replay,beta025_cartel,all shapes pooled,1000,sequential_halving_peer,0.7785533333333334,0.7777443166666668,0.7793590083333333,1000
replay,beta025_cartel,all shapes pooled,1000000,sequential_halving_peer,0.78978,0.7871128333333335,0.7924167499999998,100
replay,beta025_cartel,all shapes pooled,10,sequential_halving_peer,0.4316266666666666,0.4247116916666666,0.4385718333333333,1000
replay,beta025_cartel,all shapes pooled,10000,sequential_halving_peer,0.7885096666666667,0.7877339333333334,0.7893024166666667,1000
replay,beta025_cartel,all shapes pooled,100,sequential_halving_peer,0.7033703333333333,0.7022314416666667,0.7045311416666666,1000
replay,beta025_cartel,all shapes pooled,100000,sequential_halving_peer,0.7904033333333333,0.7886950000000001,0.7921817500000001,200
replay,beta025_cartel,all shapes pooled,1000,thompson_per_family,0.6723999999999999,0.6716366583333334,0.6731467250000001,1000
replay,beta025_cartel,all shapes pooled,1000000,thompson_per_family,0.6818400000000001,0.6796966666666668,0.6841571666666668,100
replay,beta025_cartel,all shapes pooled,10,thompson_per_family,0.4123136666666667,0.405799575,0.4190217833333333,1000
replay,beta025_cartel,all shapes pooled,10000,thompson_per_family,0.6811636666666666,0.680392925,0.6819010000000001,1000
replay,beta025_cartel,all shapes pooled,100,thompson_per_family,0.6046763333333334,0.6035434333333334,0.6058463333333333,1000
replay,beta025_cartel,all shapes pooled,100000,thompson_per_family,0.68316,0.6816850000000001,0.684645375,200
replay,beta025_cartel,all shapes pooled,1000,trueskill_per_family,0.654811,0.6539275,0.6557460416666665,1000
replay,beta025_cartel,all shapes pooled,10,trueskill_per_family,0.4080013333333334,0.401475975,0.4144318333333333,1000
replay,beta025_cartel,all shapes pooled,10000,trueskill_per_family,0.657811,0.6568992499999999,0.6587090083333335,1000
replay,beta025_cartel,all shapes pooled,100,trueskill_per_family,0.6271009999999999,0.6258774083333335,0.6283071,1000
replay,beta025_cartel,all shapes pooled,1000,ucb_per_family,0.6773583333333334,0.6765875333333333,0.6781577083333334,1000
replay,beta025_cartel,all shapes pooled,1000000,ucb_per_family,0.6828133333333333,0.6805564166666667,0.68511675,100
replay,beta025_cartel,all shapes pooled,10,ucb_per_family,0.3813796666666667,0.3755044916666666,0.387481975,1000
replay,beta025_cartel,all shapes pooled,10000,ucb_per_family,0.6814756666666666,0.6807102083333333,0.6822783583333333,1000
replay,beta025_cartel,all shapes pooled,100,ucb_per_family,0.6054686666666667,0.6043347833333332,0.6065533833333333,1000
replay,beta025_cartel,all shapes pooled,100000,ucb_per_family,0.6839316666666667,0.6824495416666667,0.6855435833333333,200
replay,beta025_cartel,all shapes pooled,1000,verify_on_claim,0.7600813333333333,0.7592863000000001,0.7608814916666667,1000
replay,beta025_cartel,all shapes pooled,1000000,verify_on_claim,0.7478266666666666,0.7452965833333334,0.7503766666666667,100
replay,beta025_cartel,all shapes pooled,10,verify_on_claim,0.431387,0.4252497916666666,0.437783875,1000
replay,beta025_cartel,all shapes pooled,10000,verify_on_claim,0.7577406666666666,0.7569573083333333,0.7585536666666667,1000
replay,beta025_cartel,all shapes pooled,100,verify_on_claim,0.712163,0.7110666583333333,0.7133186750000001,1000
replay,beta025_cartel,all shapes pooled,100000,verify_on_claim,0.7513133333333333,0.7495682083333332,0.7530623749999998,200
replay,beta025_cartel,all shapes pooled,1000,warm_start_bandit,0.7411549999999999,0.7403233166666666,0.7419706916666665,1000
replay,beta025_cartel,all shapes pooled,1000000,warm_start_bandit,0.7561866666666667,0.7537363333333335,0.7586307500000001,100
replay,beta025_cartel,all shapes pooled,10,warm_start_bandit,0.4503473333333333,0.443215575,0.4574481833333333,1000
replay,beta025_cartel,all shapes pooled,10000,warm_start_bandit,0.7608416666666667,0.7600599833333332,0.7616076833333334,1000
replay,beta025_cartel,all shapes pooled,100,warm_start_bandit,0.6753373333333333,0.6741979833333333,0.67654025,1000
replay,beta025_cartel,all shapes pooled,100000,warm_start_bandit,0.7642866666666667,0.7626562916666666,0.7660401666666666,200
replay,beta05_random,all shapes pooled,1000,cluster_head_router,0.710965,0.7098251500000001,0.7122100083333334,1000
replay,beta05_random,all shapes pooled,1000000,cluster_head_router,0.7210333333333333,0.71777,0.7243266666666665,100
replay,beta05_random,all shapes pooled,10,cluster_head_router,0.454193,0.4469025333333333,0.4613306749999999,1000
replay,beta05_random,all shapes pooled,10000,cluster_head_router,0.7227633333333333,0.7216333333333333,0.7239277333333333,1000
replay,beta05_random,all shapes pooled,100,cluster_head_router,0.6155390000000001,0.6140668416666667,0.6169873916666667,1000
replay,beta05_random,all shapes pooled,100000,cluster_head_router,0.72377,0.7214848749999999,0.726188375,200
replay,beta05_random,all shapes pooled,1000,cnp_self_bid,0.7172403333333334,0.7165146166666667,0.7179957833333334,1000
replay,beta05_random,all shapes pooled,1000000,cnp_self_bid,0.7209233333333334,0.71861325,0.7233235833333335,100
replay,beta05_random,all shapes pooled,10,cnp_self_bid,0.4532653333333333,0.4459467000000001,0.4603705583333333,1000
replay,beta05_random,all shapes pooled,10000,cnp_self_bid,0.7201993333333333,0.7194626000000001,0.7209536916666666,1000
replay,beta05_random,all shapes pooled,100,cnp_self_bid,0.688468,0.6874121916666667,0.68956785,1000
replay,beta05_random,all shapes pooled,100000,cnp_self_bid,0.7214700000000001,0.7197749166666666,0.7230587083333334,200
replay,beta05_random,all shapes pooled,1000,declared_argmax,0.7201236666666667,0.7190482083333334,0.7212696833333335,1000
replay,beta05_random,all shapes pooled,1000000,declared_argmax,0.7218766666666666,0.7183164166666666,0.7253873333333334,100
replay,beta05_random,all shapes pooled,10,declared_argmax,0.454555,0.447252425,0.4616895333333333,1000
replay,beta05_random,all shapes pooled,10000,declared_argmax,0.7217076666666666,0.7206276416666668,0.72280215,1000
replay,beta05_random,all shapes pooled,100,declared_argmax,0.6912833333333332,0.6900626083333333,0.6926127333333333,1000
replay,beta05_random,all shapes pooled,100000,declared_argmax,0.7234366666666667,0.7209795833333336,0.7258002500000001,200
replay,beta05_random,all shapes pooled,1000,declared_softmax,0.642582,0.6418449333333334,0.6433361,1000
replay,beta05_random,all shapes pooled,1000000,declared_softmax,0.6446833333333333,0.6424524166666666,0.6471811666666667,100
replay,beta05_random,all shapes pooled,10,declared_softmax,0.4276323333333333,0.4206511833333334,0.434447325,1000
replay,beta05_random,all shapes pooled,10000,declared_softmax,0.6443256666666666,0.6435829833333333,0.6450614916666667,1000
replay,beta05_random,all shapes pooled,100,declared_softmax,0.6177386666666668,0.6166306583333333,0.61890105,1000
replay,beta05_random,all shapes pooled,100000,declared_softmax,0.6455833333333334,0.6440350000000001,0.6470950833333334,200
replay,beta05_random,all shapes pooled,1000,disrouter_cascade,0.5862306666666667,0.5853538083333334,0.5870523583333334,1000
replay,beta05_random,all shapes pooled,1000000,disrouter_cascade,0.5948033333333334,0.59248325,0.5973105,100
replay,beta05_random,all shapes pooled,10,disrouter_cascade,0.429211,0.4223875916666667,0.435866725,1000
replay,beta05_random,all shapes pooled,10000,disrouter_cascade,0.589103,0.5883243166666667,0.5899397666666666,1000
replay,beta05_random,all shapes pooled,100,disrouter_cascade,0.6203786666666666,0.619332875,0.6214407166666667,1000
replay,beta05_random,all shapes pooled,100000,disrouter_cascade,0.596665,0.594951125,0.5983702500000001,200
replay,beta05_random,all shapes pooled,1000,flat_nsw_router,0.7000890000000001,0.6991508583333335,0.7009806916666667,1000
replay,beta05_random,all shapes pooled,1000000,flat_nsw_router,0.71278,0.7095586666666664,0.71599,100
replay,beta05_random,all shapes pooled,10,flat_nsw_router,0.446144,0.4392099333333333,0.4533243583333333,1000
replay,beta05_random,all shapes pooled,10000,flat_nsw_router,0.7102313333333333,0.70929165,0.7112400583333334,1000
replay,beta05_random,all shapes pooled,100,flat_nsw_router,0.666582,0.6655183000000001,0.6676513666666667,1000
replay,beta05_random,all shapes pooled,100000,flat_nsw_router,0.7138816666666666,0.7116432916666666,0.716045,200
replay,beta05_random,all shapes pooled,1000,flat_probe_argmax_frozen,0.6821786666666667,0.6809667,0.68331445,1000
replay,beta05_random,all shapes pooled,1000000,flat_probe_argmax_frozen,0.6824366666666667,0.6787564999999999,0.6861371666666666,100
replay,beta05_random,all shapes pooled,10,flat_probe_argmax_frozen,0.4464446666666666,0.4393906833333333,0.4534527416666666,1000
replay,beta05_random,all shapes pooled,10000,flat_probe_argmax_frozen,0.6813573333333334,0.6801739416666666,0.6825544583333333,1000
replay,beta05_random,all shapes pooled,100,flat_probe_argmax_frozen,0.664146,0.6628657666666666,0.6653987,1000
replay,beta05_random,all shapes pooled,100000,flat_probe_argmax_frozen,0.6831883333333334,0.6806030416666666,0.685708375,200
replay,beta05_random,all shapes pooled,1000,flat_probe_argmax_online,0.7043183333333333,0.7034081750000001,0.705224425,1000
replay,beta05_random,all shapes pooled,1000000,flat_probe_argmax_online,0.7067766666666666,0.7039598333333335,0.7096736666666669,100
replay,beta05_random,all shapes pooled,10,flat_probe_argmax_online,0.4561456666666666,0.4490737416666666,0.46331945,1000
replay,beta05_random,all shapes pooled,10000,flat_probe_argmax_online,0.7050883333333334,0.7041608333333333,0.7060247250000001,1000
replay,beta05_random,all shapes pooled,100,flat_probe_argmax_online,0.6841356666666667,0.6830671583333333,0.6852421166666666,1000
replay,beta05_random,all shapes pooled,100000,flat_probe_argmax_online,0.706845,0.7049146666666667,0.7089102916666666,200
replay,beta05_random,all shapes pooled,1000,gossip_reputation_greedy,0.4735563333333333,0.4719249416666667,0.4752860916666666,1000
replay,beta05_random,all shapes pooled,1000000,gossip_reputation_greedy,0.4812366666666666,0.4794131666666666,0.4829636666666667,100
replay,beta05_random,all shapes pooled,10,gossip_reputation_greedy,0.3219076666666667,0.3155468583333333,0.3284883833333333,1000
replay,beta05_random,all shapes pooled,10000,gossip_reputation_greedy,0.481756,0.4809352083333333,0.4825690499999999,1000
replay,beta05_random,all shapes pooled,100,gossip_reputation_greedy,0.4587326666666666,0.456391225,0.4609514333333333,1000
replay,beta05_random,all shapes pooled,100000,gossip_reputation_greedy,0.483225,0.4819782916666666,0.4845351666666667,200
replay,beta05_random,all shapes pooled,1000,linucb_honest,0.6745176666666667,0.673764275,0.6752818333333335,1000
replay,beta05_random,all shapes pooled,1000000,linucb_honest,0.4991333333333334,0.4972698333333333,0.501134,100
replay,beta05_random,all shapes pooled,10,linucb_honest,0.4635123333333332,0.4561876,0.4708498583333333,1000
replay,beta05_random,all shapes pooled,10000,linucb_honest,0.5437750000000001,0.5431165916666667,0.5444123333333333,1000
replay,beta05_random,all shapes pooled,100,linucb_honest,0.6976929999999999,0.6965317916666667,0.6989110333333334,1000
replay,beta05_random,all shapes pooled,100000,linucb_honest,0.5128250000000001,0.5115215416666666,0.5141433333333333,200
replay,beta05_random,all shapes pooled,1000,midian,0.7416033333333333,0.7407285666666666,0.7424528083333333,1000
replay,beta05_random,all shapes pooled,1000000,midian,0.7598333333333332,0.7569666666666667,0.762567,100
replay,beta05_random,all shapes pooled,10,midian,0.443237,0.4362522,0.4503655583333333,1000
replay,beta05_random,all shapes pooled,10000,midian,0.7542453333333333,0.7533905083333333,0.7550740416666667,1000
replay,beta05_random,all shapes pooled,100,midian,0.6913849999999999,0.6902236250000001,0.6925423583333333,1000
replay,beta05_random,all shapes pooled,100000,midian,0.7583099999999999,0.7565712083333334,0.7601767916666666,200
replay,beta05_random,all shapes pooled,1000,"midian[audit=False,r=5,verify=False]",0.5485543333333334,0.5445972083333334,0.552492175,1000
replay,beta05_random,all shapes pooled,1000000,"midian[audit=False,r=5,verify=False]",0.5511166666666666,0.5392231666666666,0.5624567500000001,100
replay,beta05_random,all shapes pooled,10,"midian[audit=False,r=5,verify=False]",0.3843716666666666,0.3771823166666667,0.3914663833333333,1000
replay,beta05_random,all shapes pooled,10000,"midian[audit=False,r=5,verify=False]",0.5506626666666666,0.5464208083333334,0.5546442666666667,1000
replay,beta05_random,all shapes pooled,100,"midian[audit=False,r=5,verify=False]",0.5464416666666667,0.5418890833333333,0.5511134333333332,1000
replay,beta05_random,all shapes pooled,100000,"midian[audit=False,r=5,verify=False]",0.55901,0.5496155833333333,0.5683807499999999,200
replay,beta05_random,all shapes pooled,1000,midian_wo_audit,0.5851816666666667,0.5794785416666666,0.5905735583333334,1000
replay,beta05_random,all shapes pooled,1000000,midian_wo_audit,0.58585,0.58070575,0.5909534166666668,100
replay,beta05_random,all shapes pooled,10,midian_wo_audit,0.4103156666666666,0.4035681833333333,0.4169605249999999,1000
replay,beta05_random,all shapes pooled,10000,midian_wo_audit,0.5834843333333333,0.5798378166666667,0.5871630416666667,1000
replay,beta05_random,all shapes pooled,100,midian_wo_audit,0.574017,0.5682381,0.5796972166666667,1000
replay,beta05_random,all shapes pooled,100000,midian_wo_audit,0.583395,0.5768721666666666,0.5892401666666667,200
replay,beta05_random,all shapes pooled,1000,midian_wo_audit_r5,0.5712389999999999,0.5671563083333334,0.575118625,1000
replay,beta05_random,all shapes pooled,1000000,midian_wo_audit_r5,0.6077699999999999,0.6031023333333333,0.6123800833333335,100
replay,beta05_random,all shapes pooled,10,midian_wo_audit_r5,0.3741363333333333,0.366814875,0.3816363749999999,1000
replay,beta05_random,all shapes pooled,10000,midian_wo_audit_r5,0.5939956666666667,0.5914262416666667,0.5965733666666668,1000
replay,beta05_random,all shapes pooled,100,midian_wo_audit_r5,0.5383809999999999,0.5334298916666667,0.5430662583333333,1000
replay,beta05_random,all shapes pooled,100000,midian_wo_audit_r5,0.6070683333333334,0.6034091666666667,0.6107120416666667,200
replay,beta05_random,all shapes pooled,1000,midian_wo_defenses,0.629114,0.6247989583333332,0.6335042583333333,1000
replay,beta05_random,all shapes pooled,1000000,midian_wo_defenses,0.6186066666666666,0.604349,0.6321676666666667,100
replay,beta05_random,all shapes pooled,10,midian_wo_defenses,0.4087963333333333,0.4019239166666666,0.4154889083333333,1000
replay,beta05_random,all shapes pooled,10000,midian_wo_defenses,0.6256613333333333,0.6216439083333333,0.6298089333333333,1000
replay,beta05_random,all shapes pooled,100,midian_wo_defenses,0.615968,0.612235225,0.6194477083333333,1000
replay,beta05_random,all shapes pooled,100000,midian_wo_defenses,0.6243366666666667,0.61508975,0.6333115833333334,200
replay,beta05_random,all shapes pooled,1000,midian_wo_verify,0.6974290000000001,0.695471375,0.6993761583333333,1000
replay,beta05_random,all shapes pooled,1000000,midian_wo_verify,0.6944633333333333,0.68895325,0.6992404166666667,100
replay,beta05_random,all shapes pooled,10,midian_wo_verify,0.4547163333333333,0.4476069,0.4619031166666666,1000
replay,beta05_random,all shapes pooled,10000,midian_wo_verify,0.69728,0.6957287583333334,0.6988760083333333,1000
replay,beta05_random,all shapes pooled,100,midian_wo_verify,0.6814656666666666,0.67993835,0.6830130999999999,1000
replay,beta05_random,all shapes pooled,100000,midian_wo_verify,0.6953233333333334,0.6903962916666667,0.6996857500000001,200
replay,beta05_random,all shapes pooled,1000,oracle,0.7893856666666665,0.788595,0.7901718000000001,1000
replay,beta05_random,all shapes pooled,1000000,oracle,0.7900366666666667,0.7873629166666666,0.7926500833333335,100
replay,beta05_random,all shapes pooled,10,oracle,0.4869886666666666,0.4796474583333333,0.4941553666666667,1000
replay,beta05_random,all shapes pooled,10000,oracle,0.7899286666666667,0.78915225,0.7907204250000001,1000
replay,beta05_random,all shapes pooled,100,oracle,0.7517786666666667,0.750797925,0.7528240333333334,1000
replay,beta05_random,all shapes pooled,100000,oracle,0.7908616666666668,0.789138125,0.792625,200
replay,beta05_random,all shapes pooled,1000,random,0.1915596666666666,0.1910175916666666,0.1921287833333333,1000
replay,beta05_random,all shapes pooled,1000000,random,0.1913066666666666,0.1897425833333333,0.1929938333333333,100
replay,beta05_random,all shapes pooled,10,random,0.1920706666666666,0.1897382083333333,0.194226075,1000
replay,beta05_random,all shapes pooled,10000,random,0.1918383333333333,0.1913428999999999,0.1923624,1000
replay,beta05_random,all shapes pooled,100,random,0.1923659999999999,0.1915739916666666,0.1932392083333333,1000
replay,beta05_random,all shapes pooled,100000,random,0.1918833333333333,0.1908133333333333,0.1930252499999999,200
replay,beta05_random,all shapes pooled,1000,referral_network,0.2551293333333333,0.25443465,0.255797375,1000
replay,beta05_random,all shapes pooled,1000000,referral_network,0.2552633333333333,0.2536395833333333,0.2569235833333332,100
replay,beta05_random,all shapes pooled,10,referral_network,0.2392056666666667,0.2354474916666666,0.2429134166666667,1000
replay,beta05_random,all shapes pooled,10000,referral_network,0.2555263333333333,0.254979075,0.2560710833333334,1000
replay,beta05_random,all shapes pooled,100,referral_network,0.25356,0.2522069416666667,0.2548834833333333,1000
replay,beta05_random,all shapes pooled,100000,referral_network,0.2562116666666666,0.2549765416666666,0.2575535416666666,200
replay,beta05_random,all shapes pooled,1000,route_to_k_majority,0.7246566666666666,0.7238376583333334,0.7254870166666667,1000
replay,beta05_random,all shapes pooled,1000000,route_to_k_majority,0.7308233333333334,0.7282720833333334,0.7333867500000002,100
replay,beta05_random,all shapes pooled,10,route_to_k_majority,0.2979636666666666,0.290914625,0.3051491583333333,1000
replay,beta05_random,all shapes pooled,10000,route_to_k_majority,0.730575,0.7297983250000001,0.7314214583333333,1000
replay,beta05_random,all shapes pooled,100,route_to_k_majority,0.6529513333333332,0.6515906333333334,0.6543080416666667,1000
replay,beta05_random,all shapes pooled,100000,route_to_k_majority,0.7320816666666667,0.7304232916666666,0.7337301666666666,200
replay,beta05_random,all shapes pooled,1000,sequential_halving_peer,0.7053346666666667,0.7043573083333334,0.7063671250000001,1000
replay,beta05_random,all shapes pooled,1000000,sequential_halving_peer,0.7817533333333334,0.7790264166666667,0.7843739166666667,100
replay,beta05_random,all shapes pooled,10,sequential_halving_peer,0.34131,0.334727,0.3477062833333333,1000
replay,beta05_random,all shapes pooled,10000,sequential_halving_peer,0.764142,0.7633445833333333,0.7649663583333333,1000
replay,beta05_random,all shapes pooled,100,sequential_halving_peer,0.5819606666666667,0.5801042833333332,0.5837601666666666,1000
replay,beta05_random,all shapes pooled,100000,sequential_halving_peer,0.77756,0.7758491666666667,0.7793717083333334,200
replay,beta05_random,all shapes pooled,1000,thompson_per_family,0.6723999999999999,0.6716366583333334,0.6731467250000001,1000
replay,beta05_random,all shapes pooled,1000000,thompson_per_family,0.6818400000000001,0.6796966666666668,0.6841571666666668,100
replay,beta05_random,all shapes pooled,10,thompson_per_family,0.4123136666666667,0.405799575,0.4190217833333333,1000
replay,beta05_random,all shapes pooled,10000,thompson_per_family,0.6811636666666666,0.680392925,0.6819010000000001,1000
replay,beta05_random,all shapes pooled,100,thompson_per_family,0.6046763333333334,0.6035434333333334,0.6058463333333333,1000
replay,beta05_random,all shapes pooled,100000,thompson_per_family,0.68316,0.6816850000000001,0.684645375,200
replay,beta05_random,all shapes pooled,1000,trueskill_per_family,0.654811,0.6539275,0.6557460416666665,1000
replay,beta05_random,all shapes pooled,10,trueskill_per_family,0.4080013333333334,0.401475975,0.4144318333333333,1000
replay,beta05_random,all shapes pooled,10000,trueskill_per_family,0.657811,0.6568992499999999,0.6587090083333335,1000
replay,beta05_random,all shapes pooled,100,trueskill_per_family,0.6271009999999999,0.6258774083333335,0.6283071,1000
replay,beta05_random,all shapes pooled,1000,ucb_per_family,0.6773583333333334,0.6765875333333333,0.6781577083333334,1000
replay,beta05_random,all shapes pooled,1000000,ucb_per_family,0.6828133333333333,0.6805564166666667,0.68511675,100
replay,beta05_random,all shapes pooled,10,ucb_per_family,0.3813796666666667,0.3755044916666666,0.387481975,1000
replay,beta05_random,all shapes pooled,10000,ucb_per_family,0.6814756666666666,0.6807102083333333,0.6822783583333333,1000
replay,beta05_random,all shapes pooled,100,ucb_per_family,0.6054686666666667,0.6043347833333332,0.6065533833333333,1000
replay,beta05_random,all shapes pooled,100000,ucb_per_family,0.6839316666666667,0.6824495416666667,0.6855435833333333,200
replay,beta05_random,all shapes pooled,1000,verify_on_claim,0.7267520000000001,0.7258054333333334,0.7277304916666667,1000
replay,beta05_random,all shapes pooled,1000000,verify_on_claim,0.7353266666666667,0.7321664999999998,0.7384901666666669,100
replay,beta05_random,all shapes pooled,10,verify_on_claim,0.396297,0.390359325,0.402507575,1000
replay,beta05_random,all shapes pooled,10000,verify_on_claim,0.7348469999999999,0.7339156499999999,0.7358090083333333,1000
replay,beta05_random,all shapes pooled,100,verify_on_claim,0.67875,0.6775643166666665,0.6798874416666666,1000
replay,beta05_random,all shapes pooled,100000,verify_on_claim,0.7373466666666667,0.7353878750000001,0.7393133749999999,200
replay,beta05_random,all shapes pooled,1000,warm_start_bandit,0.725896,0.7250399833333333,0.7267560083333334,1000
replay,beta05_random,all shapes pooled,1000000,warm_start_bandit,0.7428733333333333,0.7400757500000001,0.7457506666666667,100
replay,beta05_random,all shapes pooled,10,warm_start_bandit,0.4450726666666666,0.4379289749999999,0.452128125,1000
replay,beta05_random,all shapes pooled,10000,warm_start_bandit,0.7388756666666666,0.7380425333333334,0.7397308666666667,1000
replay,beta05_random,all shapes pooled,100,warm_start_bandit,0.6713833333333333,0.6702195666666667,0.6725733500000001,1000
replay,beta05_random,all shapes pooled,100000,warm_start_bandit,0.7434783333333334,0.7416396666666666,0.74532175,200
replay,cartel,all shapes pooled,1000,cluster_head_router,0.672547,0.6714426666666667,0.6736467166666668,1000
replay,cartel,all shapes pooled,1000000,cluster_head_router,0.6809433333333333,0.6781964166666664,0.6837249166666667,100
replay,cartel,all shapes pooled,10,cluster_head_router,0.4292309999999999,0.422040575,0.4365021416666666,1000
replay,cartel,all shapes pooled,10000,cluster_head_router,0.6768363333333334,0.6759548333333333,0.6776391583333333,1000
replay,cartel,all shapes pooled,100,cluster_head_router,0.5741999999999999,0.5721476333333334,0.5761148166666666,1000
replay,cartel,all shapes pooled,100000,cluster_head_router,0.6813583333333333,0.679459625,0.6831817083333334,200
replay,cartel,all shapes pooled,1000,cnp_self_bid,0.676744,0.675743,0.677755125,1000
replay,cartel,all shapes pooled,1000000,cnp_self_bid,0.6824300000000001,0.6802632499999999,0.68475,100
replay,cartel,all shapes pooled,10,cnp_self_bid,0.4282453333333333,0.4210701416666666,0.435487275,1000
replay,cartel,all shapes pooled,10000,cnp_self_bid,0.6798473333333334,0.6791439083333333,0.6805427416666667,1000
replay,cartel,all shapes pooled,100,cnp_self_bid,0.661401,0.6598079166666666,0.662931375,1000
replay,cartel,all shapes pooled,100000,cnp_self_bid,0.6822316666666668,0.6806393333333334,0.683848375,200
replay,cartel,all shapes pooled,1000,declared_argmax,0.6719706666666666,0.6709169916666666,0.6731087166666667,1000
replay,cartel,all shapes pooled,1000000,declared_argmax,0.6718966666666666,0.6694524166666667,0.6746206666666669,100
replay,cartel,all shapes pooled,10,declared_argmax,0.429315,0.4221125999999999,0.436593125,1000
replay,cartel,all shapes pooled,10000,declared_argmax,0.671827,0.6710349583333334,0.6725932666666667,1000
replay,cartel,all shapes pooled,100,declared_argmax,0.6617453333333333,0.6600816583333333,0.6633591583333333,1000
replay,cartel,all shapes pooled,100000,declared_argmax,0.6723916666666666,0.6707415416666666,0.6740467083333332,200
replay,cartel,all shapes pooled,1000,declared_softmax,0.5650773333333333,0.5643106583333334,0.5658474333333333,1000
replay,cartel,all shapes pooled,1000000,declared_softmax,0.5692666666666666,0.5670091666666668,0.5715200833333334,100
replay,cartel,all shapes pooled,10,declared_softmax,0.3878086666666666,0.3814429833333333,0.3942104833333333,1000
replay,cartel,all shapes pooled,10000,declared_softmax,0.5677593333333334,0.5670156333333334,0.5684873833333334,1000
replay,cartel,all shapes pooled,100,declared_softmax,0.539282,0.5380172416666666,0.5405494166666667,1000
replay,cartel,all shapes pooled,100000,declared_softmax,0.5682416666666668,0.5666149166666667,0.5699003333333335,200
replay,cartel,all shapes pooled,1000,disrouter_cascade,0.6297253333333334,0.6288719916666667,0.6305751166666667,1000
replay,cartel,all shapes pooled,1000000,disrouter_cascade,0.5935866666666667,0.5913965833333333,0.5958935,100
replay,cartel,all shapes pooled,10,disrouter_cascade,0.4250623333333333,0.4181057916666666,0.4318935333333333,1000
replay,cartel,all shapes pooled,10000,disrouter_cascade,0.6068113333333334,0.605965275,0.6076406750000001,1000
replay,cartel,all shapes pooled,100,disrouter_cascade,0.6316483333333333,0.6306127916666667,0.6326785666666668,1000
replay,cartel,all shapes pooled,100000,disrouter_cascade,0.5985433333333333,0.5968149583333333,0.6003068333333333,200
replay,cartel,all shapes pooled,1000,flat_nsw_router,0.7000890000000001,0.6991508583333335,0.7009806916666667,1000
replay,cartel,all shapes pooled,1000000,flat_nsw_router,0.71278,0.7095586666666664,0.71599,100
replay,cartel,all shapes pooled,10,flat_nsw_router,0.446144,0.4392099333333333,0.4533243583333333,1000
replay,cartel,all shapes pooled,10000,flat_nsw_router,0.7102313333333333,0.70929165,0.7112400583333334,1000
replay,cartel,all shapes pooled,100,flat_nsw_router,0.666582,0.6655183000000001,0.6676513666666667,1000
replay,cartel,all shapes pooled,100000,flat_nsw_router,0.7138816666666666,0.7116432916666666,0.716045,200
replay,cartel,all shapes pooled,1000,flat_probe_argmax_frozen,0.6821786666666667,0.6809667,0.68331445,1000
replay,cartel,all shapes pooled,1000000,flat_probe_argmax_frozen,0.6824366666666667,0.6787564999999999,0.6861371666666666,100
replay,cartel,all shapes pooled,10,flat_probe_argmax_frozen,0.4464446666666666,0.4393906833333333,0.4534527416666666,1000
replay,cartel,all shapes pooled,10000,flat_probe_argmax_frozen,0.6813573333333334,0.6801739416666666,0.6825544583333333,1000
replay,cartel,all shapes pooled,100,flat_probe_argmax_frozen,0.664146,0.6628657666666666,0.6653987,1000
replay,cartel,all shapes pooled,100000,flat_probe_argmax_frozen,0.6831883333333334,0.6806030416666666,0.685708375,200
replay,cartel,all shapes pooled,1000,flat_probe_argmax_online,0.7043183333333333,0.7034081750000001,0.705224425,1000
replay,cartel,all shapes pooled,1000000,flat_probe_argmax_online,0.7067766666666666,0.7039598333333335,0.7096736666666669,100
replay,cartel,all shapes pooled,10,flat_probe_argmax_online,0.4561456666666666,0.4490737416666666,0.46331945,1000
replay,cartel,all shapes pooled,10000,flat_probe_argmax_online,0.7050883333333334,0.7041608333333333,0.7060247250000001,1000
replay,cartel,all shapes pooled,100,flat_probe_argmax_online,0.6841356666666667,0.6830671583333333,0.6852421166666666,1000
replay,cartel,all shapes pooled,100000,flat_probe_argmax_online,0.706845,0.7049146666666667,0.7089102916666666,200
replay,cartel,all shapes pooled,1000,gossip_reputation_greedy,0.2311886666666666,0.2300263083333333,0.232342275,1000
replay,cartel,all shapes pooled,1000000,gossip_reputation_greedy,0.2447399999999999,0.2431699166666666,0.2462936666666666,100
replay,cartel,all shapes pooled,10,gossip_reputation_greedy,0.1637279999999999,0.1598725083333333,0.1675331416666666,1000
replay,cartel,all shapes pooled,10000,gossip_reputation_greedy,0.2432576666666666,0.2426559666666666,0.243829425,1000
replay,cartel,all shapes pooled,100,gossip_reputation_greedy,0.1949489999999999,0.1933293333333333,0.1966844416666666,1000
replay,cartel,all shapes pooled,100000,gossip_reputation_greedy,0.2459283333333333,0.2448082916666666,0.2471116666666666,200
replay,cartel,all shapes pooled,1000,linucb_honest,0.6745176666666667,0.673764275,0.6752818333333335,1000
replay,cartel,all shapes pooled,1000000,linucb_honest,0.4991333333333334,0.4972698333333333,0.501134,100
replay,cartel,all shapes pooled,10,linucb_honest,0.4635123333333332,0.4561876,0.4708498583333333,1000
replay,cartel,all shapes pooled,10000,linucb_honest,0.5437750000000001,0.5431165916666667,0.5444123333333333,1000
replay,cartel,all shapes pooled,100,linucb_honest,0.6976929999999999,0.6965317916666667,0.6989110333333334,1000
replay,cartel,all shapes pooled,100000,linucb_honest,0.5128250000000001,0.5115215416666666,0.5141433333333333,200
replay,cartel,all shapes pooled,1000,midian,0.7415836666666668,0.7407229833333332,0.7424413416666666,1000
replay,cartel,all shapes pooled,1000000,midian,0.7602066666666667,0.75725975,0.7630100833333333,100
replay,cartel,all shapes pooled,10,midian,0.443237,0.4362522,0.4503655583333333,1000
replay,cartel,all shapes pooled,10000,midian,0.7543493333333334,0.7534876333333334,0.7551880666666666,1000
replay,cartel,all shapes pooled,100,midian,0.6912106666666666,0.69006,0.6923616916666666,1000
replay,cartel,all shapes pooled,100000,midian,0.7589116666666667,0.7571831666666666,0.7607385833333334,200
replay,cartel,all shapes pooled,1000,"midian[audit=False,r=5,verify=False]",0.4454276666666666,0.4416316333333334,0.449287025,1000
replay,cartel,all shapes pooled,1000000,"midian[audit=False,r=5,verify=False]",0.4508333333333333,0.4391255,0.4617458333333332,100
replay,cartel,all shapes pooled,10,"midian[audit=False,r=5,verify=False]",0.3037043333333333,0.2983737583333333,0.3091470999999999,1000
replay,cartel,all shapes pooled,10000,"midian[audit=False,r=5,verify=False]",0.4475603333333333,0.4437407416666667,0.4512560166666666,1000
replay,cartel,all shapes pooled,100,"midian[audit=False,r=5,verify=False]",0.4242843333333334,0.4204172083333333,0.4284259749999999,1000
replay,cartel,all shapes pooled,100000,"midian[audit=False,r=5,verify=False]",0.4556633333333333,0.447626375,0.4639670833333333,200
replay,cartel,all shapes pooled,1000,midian_wo_audit,0.4806933333333333,0.474269525,0.4875515249999999,1000
replay,cartel,all shapes pooled,1000000,midian_wo_audit,0.4578333333333334,0.4450195833333333,0.4707378333333334,100
replay,cartel,all shapes pooled,10,midian_wo_audit,0.371282,0.3654870333333333,0.3774090416666666,1000
replay,cartel,all shapes pooled,10000,midian_wo_audit,0.4699336666666667,0.464031875,0.4758878916666667,1000
replay,cartel,all shapes pooled,100,midian_wo_audit,0.4611276666666666,0.4539879416666667,0.4682231583333333,1000
replay,cartel,all shapes pooled,100000,midian_wo_audit,0.4574483333333333,0.4470014583333333,0.467557875,200
replay,cartel,all shapes pooled,1000,midian_wo_audit_r5,0.4532716666666667,0.4482583333333333,0.4582843,1000
replay,cartel,all shapes pooled,1000000,midian_wo_audit_r5,0.4903833333333333,0.4826986666666666,0.4979801666666667,100
replay,cartel,all shapes pooled,10,midian_wo_audit_r5,0.2903543333333333,0.2832366083333333,0.2970761583333333,1000
replay,cartel,all shapes pooled,10000,midian_wo_audit_r5,0.4746866666666666,0.4708349333333333,0.478700775,1000
replay,cartel,all shapes pooled,100,midian_wo_audit_r5,0.4102196666666667,0.404082725,0.4161772333333333,1000
replay,cartel,all shapes pooled,100000,midian_wo_audit_r5,0.4964916666666666,0.4894849166666666,0.5033240833333333,200
replay,cartel,all shapes pooled,1000,midian_wo_defenses,0.5666606666666667,0.5624358083333333,0.5707398416666667,1000
replay,cartel,all shapes pooled,1000000,midian_wo_defenses,0.5605533333333333,0.5485826666666667,0.5729038333333333,100
replay,cartel,all shapes pooled,10,midian_wo_defenses,0.3566653333333334,0.3508850583333333,0.3626570666666667,1000
replay,cartel,all shapes pooled,10000,midian_wo_defenses,0.561357,0.5574663499999999,0.5651578833333334,1000
replay,cartel,all shapes pooled,100,midian_wo_defenses,0.5132453333333333,0.5085724166666666,0.5178357416666666,1000
replay,cartel,all shapes pooled,100000,midian_wo_defenses,0.5697616666666666,0.5614844583333334,0.5781819583333333,200
replay,cartel,all shapes pooled,1000,midian_wo_verify,0.6974886666666666,0.6958929416666667,0.6989525000000001,1000
replay,cartel,all shapes pooled,1000000,midian_wo_verify,0.6913033333333333,0.6863180000000001,0.6962610000000001,100
replay,cartel,all shapes pooled,10,midian_wo_verify,0.4547163333333333,0.4476069,0.4619031166666666,1000
replay,cartel,all shapes pooled,10000,midian_wo_verify,0.6952583333333333,0.6936207500000001,0.6968300416666667,1000
replay,cartel,all shapes pooled,100,midian_wo_verify,0.6805036666666666,0.6790258833333334,0.6820153,1000
replay,cartel,all shapes pooled,100000,midian_wo_verify,0.696465,0.6929492916666667,0.6996692083333335,200
replay,cartel,all shapes pooled,1000,oracle,0.7893856666666665,0.788595,0.7901718000000001,1000
replay,cartel,all shapes pooled,1000000,oracle,0.7900366666666667,0.7873629166666666,0.7926500833333335,100
replay,cartel,all shapes pooled,10,oracle,0.4869886666666666,0.4796474583333333,0.4941553666666667,1000
replay,cartel,all shapes pooled,10000,oracle,0.7899286666666667,0.78915225,0.7907204250000001,1000
replay,cartel,all shapes pooled,100,oracle,0.7517786666666667,0.750797925,0.7528240333333334,1000
replay,cartel,all shapes pooled,100000,oracle,0.7908616666666668,0.789138125,0.792625,200
replay,cartel,all shapes pooled,1000,random,0.1915596666666666,0.1910175916666666,0.1921287833333333,1000
replay,cartel,all shapes pooled,1000000,random,0.1913066666666666,0.1897425833333333,0.1929938333333333,100
replay,cartel,all shapes pooled,10,random,0.1920706666666666,0.1897382083333333,0.194226075,1000
replay,cartel,all shapes pooled,10000,random,0.1918383333333333,0.1913428999999999,0.1923624,1000
replay,cartel,all shapes pooled,100,random,0.1923659999999999,0.1915739916666666,0.1932392083333333,1000
replay,cartel,all shapes pooled,100000,random,0.1918833333333333,0.1908133333333333,0.1930252499999999,200
replay,cartel,all shapes pooled,1000,referral_network,0.2230933333333333,0.2224726083333333,0.2237160583333333,1000
replay,cartel,all shapes pooled,1000000,referral_network,0.2235,0.2219065833333333,0.2250135,100
replay,cartel,all shapes pooled,10,referral_network,0.2082276666666666,0.2052636416666666,0.2111643666666666,1000
replay,cartel,all shapes pooled,10000,referral_network,0.2236966666666666,0.2231623166666666,0.22424305,1000
replay,cartel,all shapes pooled,100,referral_network,0.2211229999999999,0.2201003083333333,0.222214575,1000
replay,cartel,all shapes pooled,100000,referral_network,0.2243683333333333,0.2232283333333333,0.2255850416666666,200
replay,cartel,all shapes pooled,1000,route_to_k_majority,0.6772233333333334,0.6761513083333334,0.6782940083333333,1000
replay,cartel,all shapes pooled,1000000,route_to_k_majority,0.6855333333333333,0.683203,0.6880272499999999,100
replay,cartel,all shapes pooled,10,route_to_k_majority,0.27821,0.2711574833333333,0.2853891666666666,1000
replay,cartel,all shapes pooled,10000,route_to_k_majority,0.680669,0.6798889833333333,0.6814120916666667,1000
replay,cartel,all shapes pooled,100,route_to_k_majority,0.628202,0.6262536333333333,0.6299807749999999,1000
replay,cartel,all shapes pooled,100000,route_to_k_majority,0.68682,0.6851829583333334,0.6884950416666666,200
replay,cartel,all shapes pooled,1000,sequential_halving_peer,0.3394266666666666,0.3378647583333333,0.3408769999999999,1000
replay,cartel,all shapes pooled,1000000,sequential_halving_peer,0.45553,0.4529263333333333,0.4580834166666667,100
replay,cartel,all shapes pooled,10,sequential_halving_peer,0.2235916666666667,0.2199187583333333,0.2270235833333333,1000
replay,cartel,all shapes pooled,10000,sequential_halving_peer,0.4193986666666666,0.4183666083333333,0.4204156833333333,1000
replay,cartel,all shapes pooled,100,sequential_halving_peer,0.2662593333333333,0.2641108083333333,0.2684564,1000
replay,cartel,all shapes pooled,100000,sequential_halving_peer,0.44776,0.4459132916666667,0.4496400416666666,200
replay,cartel,all shapes pooled,1000,thompson_per_family,0.6723999999999999,0.6716366583333334,0.6731467250000001,1000
replay,cartel,all shapes pooled,1000000,thompson_per_family,0.6818400000000001,0.6796966666666668,0.6841571666666668,100
replay,cartel,all shapes pooled,10,thompson_per_family,0.4123136666666667,0.405799575,0.4190217833333333,1000
replay,cartel,all shapes pooled,10000,thompson_per_family,0.6811636666666666,0.680392925,0.6819010000000001,1000
replay,cartel,all shapes pooled,100,thompson_per_family,0.6046763333333334,0.6035434333333334,0.6058463333333333,1000
replay,cartel,all shapes pooled,100000,thompson_per_family,0.68316,0.6816850000000001,0.684645375,200
replay,cartel,all shapes pooled,1000,trueskill_per_family,0.654811,0.6539275,0.6557460416666665,1000
replay,cartel,all shapes pooled,10,trueskill_per_family,0.4080013333333334,0.401475975,0.4144318333333333,1000
replay,cartel,all shapes pooled,10000,trueskill_per_family,0.657811,0.6568992499999999,0.6587090083333335,1000
replay,cartel,all shapes pooled,100,trueskill_per_family,0.6271009999999999,0.6258774083333335,0.6283071,1000
replay,cartel,all shapes pooled,1000,ucb_per_family,0.6773583333333334,0.6765875333333333,0.6781577083333334,1000
replay,cartel,all shapes pooled,1000000,ucb_per_family,0.6828133333333333,0.6805564166666667,0.68511675,100
replay,cartel,all shapes pooled,10,ucb_per_family,0.3813796666666667,0.3755044916666666,0.387481975,1000
replay,cartel,all shapes pooled,10000,ucb_per_family,0.6814756666666666,0.6807102083333333,0.6822783583333333,1000
replay,cartel,all shapes pooled,100,ucb_per_family,0.6054686666666667,0.6043347833333332,0.6065533833333333,1000
replay,cartel,all shapes pooled,100000,ucb_per_family,0.6839316666666667,0.6824495416666667,0.6855435833333333,200
replay,cartel,all shapes pooled,1000,verify_on_claim,0.6961493333333334,0.6951026416666667,0.6971090083333334,1000
replay,cartel,all shapes pooled,1000000,verify_on_claim,0.6916366666666666,0.68909325,0.6944035000000001,100
replay,cartel,all shapes pooled,10,verify_on_claim,0.4156386666666667,0.4095439833333333,0.4221862833333333,1000
replay,cartel,all shapes pooled,10000,verify_on_claim,0.6880983333333334,0.6872982083333334,0.6888172083333334,1000
replay,cartel,all shapes pooled,100,verify_on_claim,0.6826713333333334,0.6812496416666667,0.68406605,1000
replay,cartel,all shapes pooled,100000,verify_on_claim,0.6925950000000001,0.6909632083333334,0.69428375,200
replay,cartel,all shapes pooled,1000,warm_start_bandit,0.7135203333333334,0.7126359000000001,0.7143282083333333,1000
replay,cartel,all shapes pooled,1000000,warm_start_bandit,0.70516,0.7028460833333335,0.7076704166666669,100
replay,cartel,all shapes pooled,10,warm_start_bandit,0.43388,0.4267913,0.4409628083333333,1000
replay,cartel,all shapes pooled,10000,warm_start_bandit,0.7041183333333335,0.7033409583333334,0.70487245,1000
replay,cartel,all shapes pooled,100,warm_start_bandit,0.6605866666666668,0.65935825,0.6618437833333333,1000
replay,cartel,all shapes pooled,100000,warm_start_bandit,0.7056183333333333,0.7040516250000001,0.7072007916666666,200
