panel,series,b,mean,ci_lo,ci_hi,seeds,grid
"honest, β = 0",oracle,1,0.8444400000000001,0.8427848749999999,0.84608525,200,bernoulli_b_sweep
"honest, β = 0",oracle,2,0.8444400000000001,0.8427848749999999,0.84608525,200,bernoulli_b_sweep
"honest, β = 0",oracle,3,0.8444400000000001,0.8427848749999999,0.84608525,200,bernoulli_b_sweep
"honest, β = 0",oracle,5,0.8444400000000001,0.8427848749999999,0.84608525,200,bernoulli_b_sweep
"honest, β = 0",oracle,10,0.8444400000000001,0.8427848749999999,0.84608525,200,bernoulli_b_sweep
"honest, β = 0",oracle,20,0.8444400000000001,0.8427848749999999,0.84608525,200,bernoulli_b_sweep
"honest, β = 0",oracle,30,0.8444400000000001,0.8427848749999999,0.84608525,200,bernoulli_b_sweep
"honest, β = 0",MIDIAN-VA,1,0.6766300000000001,0.6735498750000001,0.67963025,200,bernoulli_b_sweep
"honest, β = 0",MIDIAN-VA,2,0.7634350000000001,0.76102925,0.765700125,200,bernoulli_b_sweep
"honest, β = 0",MIDIAN-VA,3,0.79806,0.796019875,0.8002000000000001,200,bernoulli_b_sweep
"honest, β = 0",MIDIAN-VA,5,0.818785,0.8168950000000001,0.8205701249999999,200,bernoulli_b_sweep
"honest, β = 0",MIDIAN-VA,10,0.833985,0.832189875,0.8357408749999999,200,bernoulli_b_sweep
"honest, β = 0",MIDIAN-VA,20,0.8396899999999999,0.8380943749999998,0.84127,200,bernoulli_b_sweep
"honest, β = 0",MIDIAN-VA,30,0.8415349999999999,0.839919875,0.84316025,200,bernoulli_b_sweep
"honest, β = 0",MIDIAN-A,1,0.6766300000000001,0.6735498750000001,0.67963025,200,bernoulli_b_sweep
"honest, β = 0",MIDIAN-A,2,0.73446,0.731969875,0.736865,200,bernoulli_b_sweep
"honest, β = 0",MIDIAN-A,3,0.76839,0.7658737500000001,0.770685125,200,bernoulli_b_sweep
"honest, β = 0",MIDIAN-A,5,0.7959400000000001,0.79408475,0.7977202500000001,200,bernoulli_b_sweep
"honest, β = 0",MIDIAN-A,10,0.8174600000000001,0.81557475,0.8192051250000001,200,bernoulli_b_sweep
"honest, β = 0",MIDIAN-A,20,0.831545,0.8299000000000001,0.83313025,200,bernoulli_b_sweep
"honest, β = 0",MIDIAN-A,30,0.837085,0.8354592499999999,0.83862525,200,bernoulli_b_sweep
"honest, β = 0",MIDIAN,1,0.6766300000000001,0.6735498750000001,0.67963025,200,bernoulli_b_sweep
"honest, β = 0",MIDIAN,2,0.73446,0.731969875,0.736865,200,bernoulli_b_sweep
"honest, β = 0",MIDIAN,3,0.76839,0.7658737500000001,0.770685125,200,bernoulli_b_sweep
"honest, β = 0",MIDIAN,5,0.7959400000000001,0.79408475,0.7977202500000001,200,bernoulli_b_sweep
"honest, β = 0",MIDIAN,10,0.8172,0.81529475,0.8189601249999999,200,bernoulli_b_sweep
"honest, β = 0",MIDIAN,20,0.83161,0.829984625,0.8331401249999999,200,bernoulli_b_sweep
"honest, β = 0",MIDIAN,30,0.83738,0.835745,0.8388301250000001,200,bernoulli_b_sweep
"honest, β = 0",MIDIAN-V,1,0.6766300000000001,0.6735498750000001,0.67963025,200,bernoulli_b_sweep
"honest, β = 0",MIDIAN-V,2,0.7634350000000001,0.76102925,0.765700125,200,bernoulli_b_sweep
"honest, β = 0",MIDIAN-V,3,0.79806,0.796019875,0.8002000000000001,200,bernoulli_b_sweep
"honest, β = 0",MIDIAN-V,5,0.818785,0.8168950000000001,0.8205701249999999,200,bernoulli_b_sweep
"honest, β = 0",MIDIAN-V,10,0.833985,0.832189875,0.8357408749999999,200,bernoulli_b_sweep
"honest, β = 0",MIDIAN-V,20,0.8396899999999999,0.8380943749999998,0.84127,200,bernoulli_b_sweep
"honest, β = 0",MIDIAN-V,30,0.8415349999999999,0.839919875,0.84316025,200,bernoulli_b_sweep
"honest, β = 0",flat online,1,0.678925,0.676369875,0.681465625,200,bernoulli_b_sweep
"honest, β = 0",flat online,2,0.7335400000000001,0.7312048749999999,0.7358153749999999,200,bernoulli_b_sweep
"honest, β = 0",flat online,3,0.7675350000000001,0.765389875,0.769630625,200,bernoulli_b_sweep
"honest, β = 0",flat online,5,0.79565,0.7935146249999999,0.79761025,200,bernoulli_b_sweep
"honest, β = 0",flat online,10,0.81762,0.815874875,0.8193299999999999,200,bernoulli_b_sweep
"honest, β = 0",flat online,20,0.8310149999999998,0.8291299999999999,0.8328301249999999,200,bernoulli_b_sweep
"honest, β = 0",flat online,30,0.8378549999999998,0.836239875,0.839370125,200,bernoulli_b_sweep
"honest, β = 0",warm-start bandit,1,0.836125,0.83462475,0.8376052500000001,200,bernoulli_b_sweep
"honest, β = 0",warm-start bandit,2,0.835625,0.8340297499999999,0.8371501250000001,200,bernoulli_b_sweep
"honest, β = 0",warm-start bandit,3,0.836455,0.8347146249999999,0.8381402499999999,200,bernoulli_b_sweep
"honest, β = 0",warm-start bandit,5,0.83661,0.8349448749999998,0.838290125,200,bernoulli_b_sweep
"honest, β = 0",warm-start bandit,10,0.838405,0.8367848749999999,0.8399249999999999,200,bernoulli_b_sweep
"honest, β = 0",warm-start bandit,20,0.839975,0.83828975,0.8415651249999999,200,bernoulli_b_sweep
"honest, β = 0",warm-start bandit,30,0.8415600000000001,0.8399548749999999,0.84331,200,bernoulli_b_sweep
"honest, β = 0",declared argmax,1,0.8369749999999999,0.8351847499999998,0.83874525,200,bernoulli_b_sweep
"honest, β = 0",declared argmax,2,0.8369749999999999,0.8351847499999998,0.83874525,200,bernoulli_b_sweep
"honest, β = 0",declared argmax,3,0.8369749999999999,0.8351847499999998,0.83874525,200,bernoulli_b_sweep
"honest, β = 0",declared argmax,5,0.8369749999999999,0.8351847499999998,0.83874525,200,bernoulli_b_sweep
"honest, β = 0",declared argmax,10,0.8369749999999999,0.8351847499999998,0.83874525,200,bernoulli_b_sweep
"honest, β = 0",declared argmax,20,0.8369749999999999,0.8351847499999998,0.83874525,200,bernoulli_b_sweep
"honest, β = 0",declared argmax,30,0.8369749999999999,0.8351847499999998,0.83874525,200,bernoulli_b_sweep
"honest, β = 0",random,1,0.419675,0.41768,0.4216303749999999,200,bernoulli_b_sweep
"honest, β = 0",random,2,0.419675,0.41768,0.4216303749999999,200,bernoulli_b_sweep
"honest, β = 0",random,3,0.419675,0.41768,0.4216303749999999,200,bernoulli_b_sweep
"honest, β = 0",random,5,0.419675,0.41768,0.4216303749999999,200,bernoulli_b_sweep
"honest, β = 0",random,10,0.419675,0.41768,0.4216303749999999,200,bernoulli_b_sweep
"honest, β = 0",random,20,0.419675,0.41768,0.4216303749999999,200,bernoulli_b_sweep
"honest, β = 0",random,30,0.419675,0.41768,0.4216303749999999,200,bernoulli_b_sweep
"colluding low-skill cartel, β = 0.5",oracle,1,0.8444400000000001,0.8427848749999999,0.84608525,200,bernoulli_b_sweep
"colluding low-skill cartel, β = 0.5",oracle,2,0.8444400000000001,0.8427848749999999,0.84608525,200,bernoulli_b_sweep
"colluding low-skill cartel, β = 0.5",oracle,3,0.8444400000000001,0.8427848749999999,0.84608525,200,bernoulli_b_sweep
"colluding low-skill cartel, β = 0.5",oracle,5,0.8444400000000001,0.8427848749999999,0.84608525,200,bernoulli_b_sweep
"colluding low-skill cartel, β = 0.5",oracle,10,0.8444400000000001,0.8427848749999999,0.84608525,200,bernoulli_b_sweep
"colluding low-skill cartel, β = 0.5",oracle,20,0.8444400000000001,0.8427848749999999,0.84608525,200,bernoulli_b_sweep
"colluding low-skill cartel, β = 0.5",oracle,30,0.8444400000000001,0.8427848749999999,0.84608525,200,bernoulli_b_sweep
"colluding low-skill cartel, β = 0.5",MIDIAN-VA,1,0.673085,0.6697650000000002,0.676285125,200,bernoulli_b_sweep
"colluding low-skill cartel, β = 0.5",MIDIAN-VA,2,0.72455,0.721584875,0.727475125,200,bernoulli_b_sweep
"colluding low-skill cartel, β = 0.5",MIDIAN-VA,3,0.7893300000000001,0.786875,0.79170525,200,bernoulli_b_sweep
"colluding low-skill cartel, β = 0.5",MIDIAN-VA,5,0.8182200000000001,0.816274875,0.820120125,200,bernoulli_b_sweep
"colluding low-skill cartel, β = 0.5",MIDIAN-VA,10,0.8335899999999999,0.8316997499999998,0.835505125,200,bernoulli_b_sweep
"colluding low-skill cartel, β = 0.5",MIDIAN-VA,20,0.838625,0.8368549999999999,0.840380125,200,bernoulli_b_sweep
"colluding low-skill cartel, β = 0.5",MIDIAN-VA,30,0.8368350000000001,0.834694875,0.8387757499999999,200,bernoulli_b_sweep
"colluding low-skill cartel, β = 0.5",MIDIAN-A,1,0.673085,0.6697650000000002,0.676285125,200,bernoulli_b_sweep
"colluding low-skill cartel, β = 0.5",MIDIAN-A,2,0.7320399999999999,0.72942975,0.73454525,200,bernoulli_b_sweep
"colluding low-skill cartel, β = 0.5",MIDIAN-A,3,0.762385,0.759585,0.7650025,200,bernoulli_b_sweep
"colluding low-skill cartel, β = 0.5",MIDIAN-A,5,0.77655,0.77421475,0.7788302500000002,200,bernoulli_b_sweep
"colluding low-skill cartel, β = 0.5",MIDIAN-A,10,0.7704599999999999,0.7677797499999999,0.7730801250000001,200,bernoulli_b_sweep
"colluding low-skill cartel, β = 0.5",MIDIAN-A,20,0.73872,0.73503475,0.7421755,200,bernoulli_b_sweep
"colluding low-skill cartel, β = 0.5",MIDIAN-A,30,0.68878,0.684829625,0.6928102500000001,200,bernoulli_b_sweep
"colluding low-skill cartel, β = 0.5",MIDIAN,1,0.6237950000000001,0.6182648749999999,0.6298052500000001,200,bernoulli_b_sweep
"colluding low-skill cartel, β = 0.5",MIDIAN,2,0.6814800000000001,0.677509,0.6857099999999999,200,bernoulli_b_sweep
"colluding low-skill cartel, β = 0.5",MIDIAN,3,0.71193,0.7080248749999999,0.715806375,200,bernoulli_b_sweep
"colluding low-skill cartel, β = 0.5",MIDIAN,5,0.7556149999999999,0.752784375,0.7585752499999999,200,bernoulli_b_sweep
"colluding low-skill cartel, β = 0.5",MIDIAN,10,0.76169,0.758845,0.7643051249999999,200,bernoulli_b_sweep
"colluding low-skill cartel, β = 0.5",MIDIAN,20,0.729185,0.7251489999999998,0.7330702500000001,200,bernoulli_b_sweep
"colluding low-skill cartel, β = 0.5",MIDIAN,30,0.6817449999999999,0.677735,0.685740125,200,bernoulli_b_sweep
"colluding low-skill cartel, β = 0.5",MIDIAN-V,1,0.6237950000000001,0.6182648749999999,0.6298052500000001,200,bernoulli_b_sweep
"colluding low-skill cartel, β = 0.5",MIDIAN-V,2,0.6677649999999999,0.6628328750000001,0.672625875,200,bernoulli_b_sweep
"colluding low-skill cartel, β = 0.5",MIDIAN-V,3,0.66928,0.6634088749999999,0.67459625,200,bernoulli_b_sweep
"colluding low-skill cartel, β = 0.5",MIDIAN-V,5,0.659465,0.6524943750000002,0.6659562499999999,200,bernoulli_b_sweep
"colluding low-skill cartel, β = 0.5",MIDIAN-V,10,0.6483250000000002,0.6406394999999999,0.655495125,200,bernoulli_b_sweep
"colluding low-skill cartel, β = 0.5",MIDIAN-V,20,0.628145,0.620204875,0.63549,200,bernoulli_b_sweep
"colluding low-skill cartel, β = 0.5",MIDIAN-V,30,0.608965,0.6023850000000001,0.615085625,200,bernoulli_b_sweep
"colluding low-skill cartel, β = 0.5",flat online,1,0.678925,0.676369875,0.681465625,200,bernoulli_b_sweep
"colluding low-skill cartel, β = 0.5",flat online,2,0.7335400000000001,0.7312048749999999,0.7358153749999999,200,bernoulli_b_sweep
"colluding low-skill cartel, β = 0.5",flat online,3,0.7675350000000001,0.765389875,0.769630625,200,bernoulli_b_sweep
"colluding low-skill cartel, β = 0.5",flat online,5,0.79565,0.7935146249999999,0.79761025,200,bernoulli_b_sweep
"colluding low-skill cartel, β = 0.5",flat online,10,0.81762,0.815874875,0.8193299999999999,200,bernoulli_b_sweep
"colluding low-skill cartel, β = 0.5",flat online,20,0.8310149999999998,0.8291299999999999,0.8328301249999999,200,bernoulli_b_sweep
"colluding low-skill cartel, β = 0.5",flat online,30,0.8378549999999998,0.836239875,0.839370125,200,bernoulli_b_sweep
"colluding low-skill cartel, β = 0.5",warm-start bandit,1,0.753695,0.7515000000000001,0.75569525,200,bernoulli_b_sweep
"colluding low-skill cartel, β = 0.5",warm-start bandit,2,0.76362,0.7617498749999998,0.7654752499999999,200,bernoulli_b_sweep
"colluding low-skill cartel, β = 0.5",warm-start bandit,3,0.77066,0.768604875,0.7726501250000002,200,bernoulli_b_sweep
"colluding low-skill cartel, β = 0.5",warm-start bandit,5,0.79061,0.7885847500000001,0.7925105,200,bernoulli_b_sweep
"colluding low-skill cartel, β = 0.5",warm-start bandit,10,0.8131099999999999,0.8114150000000001,0.8147101250000001,200,bernoulli_b_sweep
"colluding low-skill cartel, β = 0.5",warm-start bandit,20,0.826845,0.8253298749999999,0.8283151249999999,200,bernoulli_b_sweep
"colluding low-skill cartel, β = 0.5",warm-start bandit,30,0.838295,0.8368047499999999,0.8398399999999998,200,bernoulli_b_sweep
"colluding low-skill cartel, β = 0.5",declared argmax,1,0.72271,0.7191087500000001,0.7258910000000001,200,bernoulli_b_sweep
"colluding low-skill cartel, β = 0.5",declared argmax,2,0.72271,0.7191087500000001,0.7258910000000001,200,bernoulli_b_sweep
"colluding low-skill cartel, β = 0.5",declared argmax,3,0.72271,0.7191087500000001,0.7258910000000001,200,bernoulli_b_sweep
"colluding low-skill cartel, β = 0.5",declared argmax,5,0.72271,0.7191087500000001,0.7258910000000001,200,bernoulli_b_sweep
"colluding low-skill cartel, β = 0.5",declared argmax,10,0.72271,0.7191087500000001,0.7258910000000001,200,bernoulli_b_sweep
"colluding low-skill cartel, β = 0.5",declared argmax,20,0.72271,0.7191087500000001,0.7258910000000001,200,bernoulli_b_sweep
"colluding low-skill cartel, β = 0.5",declared argmax,30,0.72271,0.7191087500000001,0.7258910000000001,200,bernoulli_b_sweep
"colluding low-skill cartel, β = 0.5",random,1,0.419675,0.41768,0.4216303749999999,200,bernoulli_b_sweep
"colluding low-skill cartel, β = 0.5",random,2,0.419675,0.41768,0.4216303749999999,200,bernoulli_b_sweep
"colluding low-skill cartel, β = 0.5",random,3,0.419675,0.41768,0.4216303749999999,200,bernoulli_b_sweep
"colluding low-skill cartel, β = 0.5",random,5,0.419675,0.41768,0.4216303749999999,200,bernoulli_b_sweep
"colluding low-skill cartel, β = 0.5",random,10,0.419675,0.41768,0.4216303749999999,200,bernoulli_b_sweep
"colluding low-skill cartel, β = 0.5",random,20,0.419675,0.41768,0.4216303749999999,200,bernoulli_b_sweep
"colluding low-skill cartel, β = 0.5",random,30,0.419675,0.41768,0.4216303749999999,200,bernoulli_b_sweep
