el,x,y,w,key,cartel,b,z,x1,text
bar,-0.3992857142857143,0.9896907216494847,0.05835714285714286,midian,False,5.0,2.0,,
bar,-0.3992857142857143,0.9690721649484538,0.05835714285714286,midian,False,3.0,3.0,,
bar,-0.3992857142857143,0.7422680412371135,0.05835714285714286,midian,False,1.0,4.0,,
bar,-0.33785714285714286,0.9884020618556703,0.05835714285714286,midian,True,5.0,2.0,,
bar,-0.33785714285714286,0.9600515463917527,0.05835714285714286,midian,True,3.0,3.0,,
bar,-0.33785714285714286,0.7164948453608249,0.05835714285714286,midian,True,1.0,4.0,,
bar,-0.2764285714285714,0.8724226804123713,0.05835714285714286,midian_wo_defenses,False,3.0,2.0,,
bar,-0.215,0.8182989690721651,0.05835714285714286,midian_wo_defenses,True,3.0,2.0,,
bar,-0.15357142857142858,0.8685567010309279,0.05835714285714286,flat_probe_argmax_online,False,3.0,2.0,,
bar,-0.09214285714285714,0.8685567010309279,0.05835714285714286,flat_probe_argmax_online,True,3.0,2.0,,
bar,-0.030714285714285715,0.859536082474227,0.05835714285714286,best_learned,False,3.0,2.0,,
bar,0.030714285714285715,0.859536082474227,0.05835714285714286,best_learned,True,3.0,2.0,,
bar,0.09214285714285714,0.8750000000000002,0.05835714285714286,best_bandit,False,3.0,2.0,,
bar,0.15357142857142858,0.9020618556701031,0.05835714285714286,best_bandit,True,3.0,2.0,,
bar,0.215,0.7216494845360826,0.05835714285714286,declared_argmax,False,,2.0,,
bar,0.2764285714285714,0.6701030927835053,0.05835714285714286,declared_argmax,True,,2.0,,
bar,0.33785714285714286,0.5128865979381444,0.05835714285714286,random,False,,2.0,,
bar,0.3992857142857143,0.5128865979381444,0.05835714285714286,random,True,,2.0,,
oracle,-0.46,1.0,,,,,,0.46,
bar,0.6007142857142858,0.9763638082632129,0.05835714285714286,midian,False,5.0,2.0,,
bar,0.6007142857142858,0.9469249314550452,0.05835714285714286,midian,False,3.0,3.0,,
bar,0.6007142857142858,0.8015387160820653,0.05835714285714286,midian,False,1.0,4.0,,
bar,0.6621428571428571,0.9737992814597716,0.05835714285714286,midian,True,5.0,2.0,,
bar,0.6621428571428571,0.9386404462513004,0.05835714285714286,midian,True,3.0,3.0,,
bar,0.6621428571428571,0.7976505625413642,0.05835714285714286,midian,True,1.0,4.0,,
bar,0.7235714285714285,0.910974283823391,0.05835714285714286,midian_wo_defenses,False,3.0,2.0,,
bar,0.785,0.8462702089439351,0.05835714285714286,midian_wo_defenses,True,3.0,2.0,,
bar,0.8464285714285714,0.9088470265670805,0.05835714285714286,flat_probe_argmax_online,False,3.0,2.0,,
bar,0.9078571428571429,0.9088470265670805,0.05835714285714286,flat_probe_argmax_online,True,3.0,2.0,,
bar,0.9692857142857143,0.7832443036777919,0.05835714285714286,best_learned,False,3.0,2.0,,
bar,1.0307142857142857,0.7832443036777919,0.05835714285714286,best_learned,True,3.0,2.0,,
bar,1.092142857142857,0.937966814786802,0.05835714285714286,best_bandit,False,3.0,2.0,,
bar,1.1535714285714285,0.9254159969745681,0.05835714285714286,best_bandit,True,3.0,2.0,,
bar,1.215,0.6624633639028082,0.05835714285714286,declared_argmax,False,,2.0,,
bar,1.2764285714285715,0.4980027417982416,0.05835714285714286,declared_argmax,True,,2.0,,
bar,1.3378571428571429,0.4936418644228045,0.05835714285714286,random,False,,2.0,,
bar,1.3992857142857142,0.4936418644228045,0.05835714285714286,random,True,,2.0,,
oracle,0.54,1.0,,,,,,1.46,
bar,1.6007142857142858,0.9832751048813684,0.05835714285714286,midian,False,5.0,2.0,,
bar,1.6007142857142858,0.9658346311964195,0.05835714285714286,midian,False,3.0,3.0,,
bar,1.6007142857142858,0.8289346297933239,0.05835714285714286,midian,False,1.0,4.0,,
bar,1.6621428571428571,0.9823630929831209,0.05835714285714286,midian,True,5.0,2.0,,
bar,1.6621428571428571,0.9622427074125521,0.05835714285714286,midian,True,3.0,3.0,,
bar,1.6621428571428571,0.8278963393245501,0.05835714285714286,midian,True,1.0,4.0,,
bar,1.7235714285714285,0.8939260007576714,0.05835714285714286,midian_wo_defenses,False,3.0,2.0,,
bar,1.785,0.719703666287831,0.05835714285714286,midian_wo_defenses,True,3.0,2.0,,
bar,1.8464285714285715,0.8976301721597847,0.05835714285714286,flat_probe_argmax_online,False,3.0,2.0,,
bar,1.907857142857143,0.8976301721597847,0.05835714285714286,flat_probe_argmax_online,True,3.0,2.0,,
bar,1.9692857142857143,0.9028917792650587,0.05835714285714286,best_learned,False,3.0,2.0,,
bar,2.0307142857142857,0.9028917792650587,0.05835714285714286,best_learned,True,3.0,2.0,,
bar,2.092142857142857,0.9391898528153108,0.05835714285714286,best_bandit,False,3.0,2.0,,
bar,2.1535714285714285,0.9391898528153108,0.05835714285714286,best_bandit,True,3.0,2.0,,
bar,2.215,0.3822031401271205,0.05835714285714286,declared_argmax,False,,2.0,,
bar,2.2764285714285712,0.30287213593186574,0.05835714285714286,declared_argmax,True,,2.0,,
bar,2.3378571428571426,0.2432546196910384,0.05835714285714286,random,False,,2.0,,
bar,2.3992857142857145,0.2432546196910384,0.05835714285714286,random,True,,2.0,,
oracle,1.54,1.0,,,,,,2.46,
bar,2.6007142857142855,0.8671497584541062,0.05835714285714286,midian,False,5.0,2.0,,
bar,2.6007142857142855,0.8031400966183575,0.05835714285714286,midian,False,3.0,3.0,,
bar,2.6007142857142855,0.7016908212560387,0.05835714285714286,midian,False,1.0,4.0,,
bar,2.6621428571428574,0.8671497584541062,0.05835714285714286,midian,True,5.0,2.0,,
bar,2.6621428571428574,0.7971014492753623,0.05835714285714286,midian,True,3.0,3.0,,
bar,2.6621428571428574,0.6968599033816425,0.05835714285714286,midian,True,1.0,4.0,,
bar,2.7235714285714288,0.7210144927536233,0.05835714285714286,midian_wo_defenses,False,3.0,2.0,,
bar,2.785,0.6642512077294686,0.05835714285714286,midian_wo_defenses,True,3.0,2.0,,
bar,2.8464285714285715,0.6896135265700483,0.05835714285714286,flat_probe_argmax_online,False,3.0,2.0,,
bar,2.907857142857143,0.6896135265700483,0.05835714285714286,flat_probe_argmax_online,True,3.0,2.0,,
bar,2.9692857142857143,0.7729468599033816,0.05835714285714286,best_learned,False,3.0,2.0,,
bar,3.0307142857142857,0.7729468599033816,0.05835714285714286,best_learned,True,3.0,2.0,,
bar,3.092142857142857,0.894927536231884,0.05835714285714286,best_bandit,False,3.0,2.0,,
bar,3.1535714285714285,0.894927536231884,0.05835714285714286,best_bandit,True,3.0,2.0,,
bar,3.215,0.6739130434782609,0.05835714285714286,declared_argmax,False,,2.0,,
bar,3.2764285714285712,0.5567632850241546,0.05835714285714286,declared_argmax,True,,2.0,,
bar,3.3378571428571426,0.572463768115942,0.05835714285714286,random,False,,2.0,,
bar,3.3992857142857145,0.572463768115942,0.05835714285714286,random,True,,2.0,,
oracle,2.54,1.0,,,,,,3.46,
bar,3.6007142857142855,0.912,0.05835714285714286,midian,False,5.0,2.0,,
bar,3.6007142857142855,0.8844444444444445,0.05835714285714286,midian,False,3.0,3.0,,
bar,3.6007142857142855,0.8444444444444446,0.05835714285714286,midian,False,1.0,4.0,,
bar,3.6621428571428574,0.872,0.05835714285714286,midian,True,5.0,2.0,,
bar,3.6621428571428574,0.8364444444444445,0.05835714285714286,midian,True,1.0,3.0,,
bar,3.6621428571428574,0.8346666666666667,0.05835714285714286,midian,True,3.0,4.0,,
bar,3.7235714285714288,0.8862222222222224,0.05835714285714286,midian_wo_defenses,False,3.0,2.0,,
bar,3.785,0.8106666666666666,0.05835714285714286,midian_wo_defenses,True,3.0,2.0,,
bar,3.8464285714285715,0.8799999999999999,0.05835714285714286,flat_probe_argmax_online,False,3.0,2.0,,
bar,3.907857142857143,0.8799999999999999,0.05835714285714286,flat_probe_argmax_online,True,3.0,2.0,,
bar,3.9692857142857143,0.9262222222222222,0.05835714285714286,best_learned,False,3.0,2.0,,
bar,4.030714285714286,0.9262222222222222,0.05835714285714286,best_learned,True,3.0,2.0,,
bar,4.092142857142857,0.8595555555555555,0.05835714285714286,best_bandit,False,3.0,2.0,,
bar,4.1535714285714285,0.8693333333333332,0.05835714285714286,best_bandit,True,3.0,2.0,,
bar,4.215,0.7440000000000001,0.05835714285714286,declared_argmax,False,,2.0,,
bar,4.276428571428571,0.6142222222222222,0.05835714285714286,declared_argmax,True,,2.0,,
bar,4.337857142857143,0.6897777777777779,0.05835714285714286,random,False,,2.0,,
bar,4.399285714285714,0.6897777777777779,0.05835714285714286,random,True,,2.0,,
oracle,3.54,1.0,,,,,,4.46,
tick,0.0,,,,,,,,"live
$n = 10^{5}$"
tick,1.0,,,,,,,,"Bernoulli
$n = 10^{7}$"
tick,2.0,,,,,,,,"RouterBench replay
$n = 10^{6}$"
tick,3.0,,,,,,,,"RouterEval
$n = 5{,}000$"
tick,4.0,,,,,,,,"LLMRouterBench
$n = 20$"
legend,,,,oracle,,,,,
legend,,,,midian,,,,,
legend,,,,midian_wo_defenses,,,,,
legend,,,,flat_probe_argmax_online,,,,,
legend,,,,best_learned,,,,,
legend,,,,best_bandit,,,,,
legend,,,,declared_argmax,,,,,
legend,,,,random,,,,,
